pattern,total,configuration,levels,misses_per_1000,single_configuration,single_misses_per_1000,saved_loads_per_1000,percent_of_reference,reference_misses_per_1000
small_cycle,8,LIRS(8),1,952.1666666666666,LIRS(8),952.1666666666666,0.0,100.0,952.1666666666666
small_cycle,16,LIRS(16),1,897.5,LIRS(16),897.5,0.0,100.0,897.5
small_cycle,36,LIRS(36),1,760.8333333333334,LIRS(36),760.8333333333334,0.0,100.0,760.8333333333334
small_cycle,64,LIRS(64),1,570.8333333333334,LIRS(64),570.8333333333334,0.0,100.23412350014632,569.5
small_cycle,145,LRU(145),1,24.166666666666668,LRU(145),24.166666666666668,0.0,100.0,24.166666666666668
small_cycle,290,LRU(290),1,24.166666666666668,LRU(290),24.166666666666668,0.0,100.0,24.166666666666668
boundary_cycle,8,LIRS(8),1,976.6666666666666,LIRS(8),976.6666666666666,0.0,100.0,976.6666666666666
boundary_cycle,16,LIRS(16),1,950.0,LIRS(16),950.0,0.0,100.0,950.0
boundary_cycle,36,LIRS(36),1,883.3333333333334,LIRS(36),883.3333333333334,0.0,100.0,883.3333333333334
boundary_cycle,64,LIRS(64),1,790.0,LIRS(64),790.0,0.0,100.0,790.0
boundary_cycle,145,LIRS(145),1,520.0,LIRS(145),520.0,0.0,100.0,520.0
boundary_cycle,290,LIRS(290),1,58.0,LIRS(290),58.0,0.0,112.25806451612904,51.666666666666664
scan,8,LIRS(8),1,994.1666666666666,LIRS(8),994.1666666666666,0.0,100.0,994.1666666666666
scan,16,LIRS(16),1,987.5,LIRS(16),987.5,0.0,100.0,987.5
scan,36,LIRS(36),1,970.8333333333334,LIRS(36),970.8333333333334,0.0,100.0,970.8333333333334
scan,64,LIRS(64),1,947.5,LIRS(64),947.5,0.0,100.0,947.5
scan,145,LIRS(145),1,880.0,LIRS(145),880.0,0.0,100.0,880.0
scan,290,LIRS(290),1,774.6666666666666,LIRS(290),774.6666666666666,0.0,100.17241379310344,773.3333333333334
hot_cold,8,LFU(8),1,796.6666666666666,LFU(8),796.6666666666666,0.0,146.53586756591048,543.6666666666666
hot_cold,16,LFU(16),1,589.6666666666666,LFU(16),589.6666666666666,0.0,171.3317191283293,344.1666666666667
hot_cold,36,LFU(36),1,124.66666666666667,LFU(36),124.66666666666667,0.0,114.90015360983102,108.5
hot_cold,64,LIRS(64),1,100.16666666666667,LIRS(64),100.16666666666667,0.0,113.39622641509433,88.33333333333333
hot_cold,145,LIRS(145),1,94.16666666666667,LIRS(145),94.16666666666667,0.0,112.54980079681275,83.66666666666667
hot_cold,290,LIRS(256) → LRU(34),2,87.5,LRU(290),88.33333333333333,0.8333333333333334,104.58167330677291,83.66666666666667
hot_scan,8,LRU(8),1,825.0,LRU(8),825.0,0.0,135.6536037270485,608.1666666666666
hot_scan,16,LFU(16),1,653.6666666666666,LFU(16),653.6666666666666,0.0,148.84250474383302,439.1666666666667
hot_scan,36,LFU(36),1,242.5,LFU(36),242.5,0.0,100.0,242.5
hot_scan,64,LFU(64),1,240.66666666666666,LFU(64),240.66666666666666,0.0,100.0,240.66666666666666
hot_scan,145,LFU(145),1,240.66666666666666,LFU(145),240.66666666666666,0.0,100.0,240.66666666666666
hot_scan,290,LRU(290),1,240.66666666666666,LRU(290),240.66666666666666,0.0,100.0,240.66666666666666
phase_change,8,LIRS(8),1,799.8333333333334,LIRS(8),799.8333333333334,0.0,146.53435114503816,545.8333333333334
phase_change,16,LIRS(16),1,614.3333333333334,LIRS(16),614.3333333333334,0.0,175.94272076372314,349.1666666666667
phase_change,36,LIRS(36),1,148.5,LIRS(36),148.5,0.0,123.9221140472879,119.83333333333333
phase_change,64,LRU(64),1,113.66666666666667,LRU(64),113.66666666666667,0.0,113.2890365448505,100.33333333333333
phase_change,145,LRU(145),1,108.16666666666667,LRU(145),108.16666666666667,0.0,113.06620209059234,95.66666666666667
phase_change,290,LRU(290),1,101.16666666666667,LRU(290),101.16666666666667,0.0,105.74912891986062,95.66666666666667
bursts,8,LRU(1) → LIRS(7),2,62.0,LRU(8),62.166666666666664,0.16666666666666666,107.51445086705202,57.666666666666664
bursts,16,LFU(16),1,61.5,LFU(16),61.5,0.0,109.82142857142857,56.0
bursts,36,LFU(16) → LIRS(20),2,60.0,LRU(36),60.166666666666664,0.16666666666666666,109.4224924012158,54.833333333333336
bursts,64,LRU(30) → LIRS(34),2,58.833333333333336,LRU(64),59.333333333333336,0.5,107.29483282674772,54.833333333333336
bursts,145,LRU(117) → LIRS(28),2,56.666666666666664,LRU(145),57.0,0.3333333333333333,103.34346504559271,54.833333333333336
bursts,290,LRU(290),1,54.833333333333336,LRU(290),54.833333333333336,0.0,100.0,54.833333333333336
uniform,8,LFU(8),1,990.5,LFU(8),990.5,0.0,108.92595307917888,909.3333333333334
uniform,16,LFU(16),1,984.5,LFU(16),984.5,0.0,114.25531914893617,861.6666666666666
uniform,36,LFU(6) → LRU(30),2,965.1666666666666,ARC(36),965.6666666666666,0.5,123.13416967892834,783.8333333333334
uniform,64,LFU(6) → ARC(58),2,941.6666666666666,LRU(64),943.3333333333334,1.6666666666666667,132.04019630754848,713.1666666666666
uniform,145,LFU(7) → ARC(138),2,871.1666666666666,ARC(145),874.5,3.3333333333333335,149.7278716700086,581.8333333333334
popular,8,LFU(8),1,685.3333333333334,LFU(8),685.3333333333334,0.0,111.31564699512724,615.6666666666666
popular,16,LFU(10) → 2Q(6),2,603.6666666666666,LFU(16),613.3333333333334,9.666666666666666,117.25477500809323,514.8333333333334
popular,36,LFU(2) → LFU(34),2,499.8333333333333,ARC(36),503.1666666666667,3.3333333333333335,123.92561983471074,403.3333333333333
popular,64,LRU(1) → LFU(63),2,426.0,LFU(64),426.8333333333333,0.8333333333333334,129.48328267477203,329.0
popular,145,LFU(145),1,329.8333333333333,LFU(145),329.8333333333333,0.0,141.25624553890077,233.5
navigation,8,LIRS(8),1,594.6666666666666,LIRS(8),594.6666666666666,0.0,102.67625899280576,579.1666666666666
navigation,16,LRU(16),1,522.0,LRU(16),522.0,0.0,108.5991678224688,480.6666666666667
navigation,36,ARC(36),1,512.3333333333334,ARC(36),512.3333333333334,0.0,135.7773851590106,377.3333333333333
navigation,64,LRU(56) → LIRS(8),2,271.1666666666667,LRU(64),274.0,2.8333333333333335,100.93052109181141,268.6666666666667
navigation,145,LRU(56) → LIRS(89),2,230.66666666666666,LRU(145),274.0,43.333333333333336,107.45341614906832,214.66666666666666
navigation,290,LRU(56) → LIRS(234),2,158.66666666666666,LFU(290),226.0,67.33333333333333,117.53086419753086,135.0
