pattern,capacity,strategy,mean_extra_misses_per_1000_vs_lru,min_extra_misses_per_1000_vs_lru,max_extra_misses_per_1000_vs_lru,runs_better_than_lru,runs
boundary_cycle,1,ARC,0.0,0.0,0.0,0,5
boundary_cycle,1,LFU,0.0,0.0,0.0,0,5
boundary_cycle,1,LRU,0.0,0.0,0.0,0,5
boundary_cycle,1024,2Q,1.75,1.75,1.75,0,5
boundary_cycle,1024,ARC,0.0,0.0,0.0,0,5
boundary_cycle,1024,LFU,0.0,0.0,0.0,0,5
boundary_cycle,1024,LIRS,0.0,0.0,0.0,0,5
boundary_cycle,1024,LRU,0.0,0.0,0.0,0,5
boundary_cycle,1159,2Q,0.09999999999999964,0.09999999999999964,0.09999999999999964,0,5
boundary_cycle,1159,ARC,0.0,0.0,0.0,0,5
boundary_cycle,1159,LFU,0.0,0.0,0.0,0,5
boundary_cycle,1159,LIRS,0.0,0.0,0.0,0,5
boundary_cycle,1159,LRU,0.0,0.0,0.0,0,5
boundary_cycle,1160,2Q,0.049999999999998934,0.049999999999998934,0.049999999999998934,0,5
boundary_cycle,1160,ARC,0.0,0.0,0.0,0,5
boundary_cycle,1160,LFU,0.0,0.0,0.0,0,5
boundary_cycle,1160,LIRS,0.0,0.0,0.0,0,5
boundary_cycle,1160,LRU,0.0,0.0,0.0,0,5
boundary_cycle,1161,2Q,0.049999999999998934,0.049999999999998934,0.049999999999998934,0,5
boundary_cycle,1161,ARC,0.0,0.0,0.0,0,5
boundary_cycle,1161,LFU,0.0,0.0,0.0,0,5
boundary_cycle,1161,LIRS,0.0,0.0,0.0,0,5
boundary_cycle,1161,LRU,0.0,0.0,0.0,0,5
boundary_cycle,144,2Q,0.0,0.0,0.0,0,5
boundary_cycle,144,ARC,0.0,0.0,0.0,0,5
boundary_cycle,144,LFU,0.0,0.0,0.0,0,5
boundary_cycle,144,LIRS,-486.20000000000005,-486.20000000000005,-486.20000000000005,5,5
boundary_cycle,144,LRU,0.0,0.0,0.0,0,5
boundary_cycle,145,2Q,0.0,0.0,0.0,0,5
boundary_cycle,145,ARC,0.0,0.0,0.0,0,5
boundary_cycle,145,LFU,0.0,0.0,0.0,0,5
boundary_cycle,145,LIRS,-489.6,-489.6,-489.6,5,5
boundary_cycle,145,LRU,0.0,0.0,0.0,0,5
boundary_cycle,146,2Q,0.0,0.0,0.0,0,5
boundary_cycle,146,ARC,0.0,0.0,0.0,0,5
boundary_cycle,146,LFU,0.0,0.0,0.0,0,5
boundary_cycle,146,LIRS,-493.0,-493.0,-493.0,5,5
boundary_cycle,146,LRU,0.0,0.0,0.0,0,5
boundary_cycle,16,2Q,0.0,0.0,0.0,0,5
boundary_cycle,16,ARC,0.0,0.0,0.0,0,5
boundary_cycle,16,LFU,0.0,0.0,0.0,0,5
boundary_cycle,16,LIRS,-51.0,-51.0,-51.0,5,5
boundary_cycle,16,LRU,0.0,0.0,0.0,0,5
boundary_cycle,192,2Q,0.0,0.0,0.0,0,5
boundary_cycle,192,ARC,0.0,0.0,0.0,0,5
boundary_cycle,192,LFU,0.0,0.0,0.0,0,5
boundary_cycle,192,LIRS,-649.4,-649.4,-649.4,5,5
boundary_cycle,192,LRU,0.0,0.0,0.0,0,5
boundary_cycle,2,2Q,0.0,0.0,0.0,0,5
boundary_cycle,2,ARC,0.0,0.0,0.0,0,5
boundary_cycle,2,LFU,0.0,0.0,0.0,0,5
boundary_cycle,2,LIRS,-3.3999999999999773,-3.3999999999999773,-3.3999999999999773,5,5
boundary_cycle,2,LRU,0.0,0.0,0.0,0,5
boundary_cycle,217,2Q,0.0,0.0,0.0,0,5
boundary_cycle,217,ARC,0.0,0.0,0.0,0,5
boundary_cycle,217,LFU,0.0,0.0,0.0,0,5
boundary_cycle,217,LIRS,-730.85,-730.85,-730.85,5,5
boundary_cycle,217,LRU,0.0,0.0,0.0,0,5
boundary_cycle,24,2Q,0.0,0.0,0.0,0,5
boundary_cycle,24,ARC,0.0,0.0,0.0,0,5
boundary_cycle,24,LFU,0.0,0.0,0.0,0,5
boundary_cycle,24,LIRS,-78.20000000000005,-78.20000000000005,-78.20000000000005,5,5
boundary_cycle,24,LRU,0.0,0.0,0.0,0,5
boundary_cycle,256,2Q,0.0,0.0,0.0,0,5
boundary_cycle,256,ARC,0.0,0.0,0.0,0,5
boundary_cycle,256,LFU,0.0,0.0,0.0,0,5
boundary_cycle,256,LIRS,-861.5,-861.5,-861.5,5,5
boundary_cycle,256,LRU,0.0,0.0,0.0,0,5
boundary_cycle,289,2Q,0.0,0.0,0.0,0,5
boundary_cycle,289,ARC,0.0,0.0,0.0,0,5
boundary_cycle,289,LFU,0.0,0.0,0.0,0,5
boundary_cycle,289,LIRS,-972.05,-972.05,-972.05,5,5
boundary_cycle,289,LRU,0.0,0.0,0.0,0,5
boundary_cycle,290,2Q,0.0,0.0,0.0,0,5
boundary_cycle,290,ARC,0.0,0.0,0.0,0,5
boundary_cycle,290,LFU,0.0,0.0,0.0,0,5
boundary_cycle,290,LIRS,-975.4,-975.4,-975.4,5,5
boundary_cycle,290,LRU,0.0,0.0,0.0,0,5
boundary_cycle,291,2Q,985.45,985.45,985.45,0,5
boundary_cycle,291,ARC,0.0,0.0,0.0,0,5
boundary_cycle,291,LFU,0.0,0.0,0.0,0,5
boundary_cycle,291,LIRS,0.0,0.0,0.0,0,5
boundary_cycle,291,LRU,0.0,0.0,0.0,0,5
boundary_cycle,32,2Q,0.0,0.0,0.0,0,5
boundary_cycle,32,ARC,0.0,0.0,0.0,0,5
boundary_cycle,32,LFU,0.0,0.0,0.0,0,5
boundary_cycle,32,LIRS,-105.39999999999998,-105.39999999999998,-105.39999999999998,5,5
boundary_cycle,32,LRU,0.0,0.0,0.0,0,5
boundary_cycle,35,2Q,0.0,0.0,0.0,0,5
boundary_cycle,35,ARC,0.0,0.0,0.0,0,5
boundary_cycle,35,LFU,0.0,0.0,0.0,0,5
boundary_cycle,35,LIRS,-115.60000000000002,-115.60000000000002,-115.60000000000002,5,5
boundary_cycle,35,LRU,0.0,0.0,0.0,0,5
boundary_cycle,36,2Q,0.0,0.0,0.0,0,5
boundary_cycle,36,ARC,0.0,0.0,0.0,0,5
boundary_cycle,36,LFU,0.0,0.0,0.0,0,5
boundary_cycle,36,LIRS,-119.0,-119.0,-119.0,5,5
boundary_cycle,36,LRU,0.0,0.0,0.0,0,5
boundary_cycle,37,2Q,0.0,0.0,0.0,0,5
boundary_cycle,37,ARC,0.0,0.0,0.0,0,5
boundary_cycle,37,LFU,0.0,0.0,0.0,0,5
boundary_cycle,37,LIRS,-122.39999999999998,-122.39999999999998,-122.39999999999998,5,5
boundary_cycle,37,LRU,0.0,0.0,0.0,0,5
boundary_cycle,384,2Q,985.45,985.45,985.45,0,5
boundary_cycle,384,ARC,0.0,0.0,0.0,0,5
boundary_cycle,384,LFU,0.0,0.0,0.0,0,5
boundary_cycle,384,LIRS,0.0,0.0,0.0,0,5
boundary_cycle,384,LRU,0.0,0.0,0.0,0,5
boundary_cycle,4,2Q,0.0,0.0,0.0,0,5
boundary_cycle,4,ARC,0.0,0.0,0.0,0,5
boundary_cycle,4,LFU,0.0,0.0,0.0,0,5
boundary_cycle,4,LIRS,-10.200000000000045,-10.200000000000045,-10.200000000000045,5,5
boundary_cycle,4,LRU,0.0,0.0,0.0,0,5
boundary_cycle,48,2Q,0.0,0.0,0.0,0,5
boundary_cycle,48,ARC,0.0,0.0,0.0,0,5
boundary_cycle,48,LFU,0.0,0.0,0.0,0,5
boundary_cycle,48,LIRS,-159.79999999999995,-159.79999999999995,-159.79999999999995,5,5
boundary_cycle,48,LRU,0.0,0.0,0.0,0,5
boundary_cycle,512,2Q,8.149999999999999,8.149999999999999,8.149999999999999,0,5
boundary_cycle,512,ARC,0.0,0.0,0.0,0,5
boundary_cycle,512,LFU,0.0,0.0,0.0,0,5
boundary_cycle,512,LIRS,0.0,0.0,0.0,0,5
boundary_cycle,512,LRU,0.0,0.0,0.0,0,5
boundary_cycle,64,2Q,0.0,0.0,0.0,0,5
boundary_cycle,64,ARC,0.0,0.0,0.0,0,5
boundary_cycle,64,LFU,0.0,0.0,0.0,0,5
boundary_cycle,64,LIRS,-214.20000000000005,-214.20000000000005,-214.20000000000005,5,5
boundary_cycle,64,LRU,0.0,0.0,0.0,0,5
boundary_cycle,72,2Q,0.0,0.0,0.0,0,5
boundary_cycle,72,ARC,0.0,0.0,0.0,0,5
boundary_cycle,72,LFU,0.0,0.0,0.0,0,5
boundary_cycle,72,LIRS,-241.39999999999998,-241.39999999999998,-241.39999999999998,5,5
boundary_cycle,72,LRU,0.0,0.0,0.0,0,5
boundary_cycle,768,2Q,4.949999999999999,4.949999999999999,4.949999999999999,0,5
boundary_cycle,768,ARC,0.0,0.0,0.0,0,5
boundary_cycle,768,LFU,0.0,0.0,0.0,0,5
boundary_cycle,768,LIRS,0.0,0.0,0.0,0,5
boundary_cycle,768,LRU,0.0,0.0,0.0,0,5
boundary_cycle,8,2Q,0.0,0.0,0.0,0,5
boundary_cycle,8,ARC,0.0,0.0,0.0,0,5
boundary_cycle,8,LFU,0.0,0.0,0.0,0,5
boundary_cycle,8,LIRS,-23.799999999999955,-23.799999999999955,-23.799999999999955,5,5
boundary_cycle,8,LRU,0.0,0.0,0.0,0,5
boundary_cycle,96,2Q,0.0,0.0,0.0,0,5
boundary_cycle,96,ARC,0.0,0.0,0.0,0,5
boundary_cycle,96,LFU,0.0,0.0,0.0,0,5
boundary_cycle,96,LIRS,-323.0,-323.0,-323.0,5,5
boundary_cycle,96,LRU,0.0,0.0,0.0,0,5
bursts,1,ARC,0.0,0.0,0.0,0,5
bursts,1,LFU,0.0,0.0,0.0,0,5
bursts,1,LRU,0.0,0.0,0.0,0,5
bursts,1024,2Q,9.279999999999998,8.649999999999999,9.649999999999999,0,5
bursts,1024,ARC,0.0,0.0,0.0,0,5
bursts,1024,LFU,0.0,0.0,0.0,0,5
bursts,1024,LIRS,0.0,0.0,0.0,0,5
bursts,1024,LRU,0.0,0.0,0.0,0,5
bursts,1159,2Q,8.399999999999999,7.699999999999996,9.049999999999997,0,5
bursts,1159,ARC,0.0,0.0,0.0,0,5
bursts,1159,LFU,0.0,0.0,0.0,0,5
bursts,1159,LIRS,0.0,0.0,0.0,0,5
bursts,1159,LRU,0.0,0.0,0.0,0,5
bursts,1160,2Q,8.36,7.649999999999999,9.049999999999997,0,5
bursts,1160,ARC,0.0,0.0,0.0,0,5
bursts,1160,LFU,0.0,0.0,0.0,0,5
bursts,1160,LIRS,0.0,0.0,0.0,0,5
bursts,1160,LRU,0.0,0.0,0.0,0,5
bursts,1161,2Q,8.36,7.649999999999999,9.049999999999997,0,5
bursts,1161,ARC,0.0,0.0,0.0,0,5
bursts,1161,LFU,0.0,0.0,0.0,0,5
bursts,1161,LIRS,0.0,0.0,0.0,0,5
bursts,1161,LRU,0.0,0.0,0.0,0,5
bursts,144,2Q,3.5700000000000016,2.8999999999999986,4.050000000000004,0,5
bursts,144,ARC,0.0,0.0,0.0,0,5
bursts,144,LFU,-0.08999999999999915,-0.6999999999999957,0.5,3,5
bursts,144,LIRS,0.0,0.0,0.0,0,5
bursts,144,LRU,0.0,0.0,0.0,0,5
bursts,145,2Q,3.6100000000000008,3.0,4.050000000000004,0,5
bursts,145,ARC,0.0,0.0,0.0,0,5
bursts,145,LFU,-0.10999999999999943,-0.6499999999999986,0.45000000000000284,3,5
bursts,145,LIRS,0.0,0.0,0.0,0,5
bursts,145,LRU,0.0,0.0,0.0,0,5
bursts,146,2Q,3.62,3.049999999999997,4.100000000000001,0,5
bursts,146,ARC,0.0,0.0,0.0,0,5
bursts,146,LFU,-0.05999999999999943,-0.6000000000000014,0.45000000000000284,3,5
bursts,146,LIRS,0.0,0.0,0.0,0,5
bursts,146,LRU,0.0,0.0,0.0,0,5
bursts,16,2Q,0.5199999999999989,0.25,0.8500000000000014,0,5
bursts,16,ARC,0.0,0.0,0.0,0,5
bursts,16,LFU,0.08999999999999915,-0.20000000000000284,0.3999999999999986,2,5
bursts,16,LIRS,0.0,0.0,0.0,0,5
bursts,16,LRU,0.0,0.0,0.0,0,5
bursts,192,2Q,4.410000000000002,4.200000000000003,4.650000000000006,0,5
bursts,192,ARC,0.0,0.0,0.0,0,5
bursts,192,LFU,-0.19999999999999857,-0.6500000000000057,0.30000000000000426,3,5
bursts,192,LIRS,0.0,0.0,0.0,0,5
bursts,192,LRU,0.0,0.0,0.0,0,5
bursts,2,2Q,-1.4210854715202005e-15,-0.05000000000000426,0.04999999999999716,1,5
bursts,2,ARC,0.0,0.0,0.0,0,5
bursts,2,LFU,-0.020000000000001704,-0.05000000000000426,0.0,2,5
bursts,2,LIRS,0.0,0.0,0.0,0,5
bursts,2,LRU,0.0,0.0,0.0,0,5
bursts,217,2Q,4.969999999999999,4.349999999999994,5.350000000000001,0,5
bursts,217,ARC,0.0,0.0,0.0,0,5
bursts,217,LFU,-0.20999999999999944,-0.8500000000000014,0.25,3,5
bursts,217,LIRS,0.0,0.0,0.0,0,5
bursts,217,LRU,0.0,0.0,0.0,0,5
bursts,24,2Q,0.7099999999999994,0.5499999999999972,0.8500000000000014,0,5
bursts,24,ARC,0.0,0.0,0.0,0,5
bursts,24,LFU,0.1,-0.14999999999999858,0.30000000000000426,1,5
bursts,24,LIRS,0.0,0.0,0.0,0,5
bursts,24,LRU,0.0,0.0,0.0,0,5
bursts,256,2Q,5.610000000000001,4.700000000000003,6.350000000000001,0,5
bursts,256,ARC,0.0,0.0,0.0,0,5
bursts,256,LFU,-0.28999999999999915,-0.8999999999999986,0.10000000000000142,3,5
bursts,256,LIRS,0.0,0.0,0.0,0,5
bursts,256,LRU,0.0,0.0,0.0,0,5
bursts,289,2Q,6.539999999999999,5.949999999999996,7.350000000000001,0,5
bursts,289,ARC,0.0,0.0,0.0,0,5
bursts,289,LFU,-0.11000000000000085,-0.75,0.75,3,5
bursts,289,LIRS,0.0,0.0,0.0,0,5
bursts,289,LRU,0.0,0.0,0.0,0,5
bursts,290,2Q,6.55,6.0,7.299999999999997,0,5
bursts,290,ARC,0.0,0.0,0.0,0,5
bursts,290,LFU,-0.07999999999999971,-0.6499999999999986,0.6999999999999957,3,5
bursts,290,LIRS,0.0,0.0,0.0,0,5
bursts,290,LRU,0.0,0.0,0.0,0,5
bursts,291,2Q,6.6,6.0,7.350000000000001,0,5
bursts,291,ARC,0.0,0.0,0.0,0,5
bursts,291,LFU,-0.06999999999999887,-0.6499999999999986,0.6500000000000057,3,5
bursts,291,LIRS,0.0,0.0,0.0,0,5
bursts,291,LRU,0.0,0.0,0.0,0,5
bursts,32,2Q,0.9400000000000006,0.6499999999999986,1.0500000000000043,0,5
bursts,32,ARC,0.0,0.0,0.0,0,5
bursts,32,LFU,0.12000000000000029,-0.29999999999999716,0.30000000000000426,1,5
bursts,32,LIRS,0.0,0.0,0.0,0,5
bursts,32,LRU,0.0,0.0,0.0,0,5
bursts,35,2Q,1.0799999999999996,0.75,1.1999999999999957,0,5
bursts,35,ARC,0.0,0.0,0.0,0,5
bursts,35,LFU,0.09999999999999858,-0.29999999999999716,0.29999999999999716,1,5
bursts,35,LIRS,0.0,0.0,0.0,0,5
bursts,35,LRU,0.0,0.0,0.0,0,5
bursts,36,2Q,1.1100000000000023,0.8000000000000043,1.3000000000000043,0,5
bursts,36,ARC,0.0,0.0,0.0,0,5
bursts,36,LFU,0.12000000000000029,-0.29999999999999716,0.45000000000000284,1,5
bursts,36,LIRS,0.0,0.0,0.0,0,5
bursts,36,LRU,0.0,0.0,0.0,0,5
bursts,37,2Q,1.1600000000000008,0.8500000000000014,1.3000000000000043,0,5
bursts,37,ARC,0.0,0.0,0.0,0,5
bursts,37,LFU,0.13000000000000114,-0.25,0.4000000000000057,1,5
bursts,37,LIRS,0.0,0.0,0.0,0,5
bursts,37,LRU,0.0,0.0,0.0,0,5
bursts,384,2Q,8.25,6.949999999999996,8.950000000000003,0,5
bursts,384,ARC,0.0,0.0,0.0,0,5
bursts,384,LFU,-0.019999999999998862,-0.6000000000000014,0.5500000000000043,2,5
bursts,384,LIRS,0.0,0.0,0.0,0,5
bursts,384,LRU,0.0,0.0,0.0,0,5
bursts,4,2Q,0.10999999999999943,0.0,0.25,0,5
bursts,4,ARC,0.0,0.0,0.0,0,5
bursts,4,LFU,0.009999999999999431,-0.05000000000000426,0.14999999999999858,2,5
bursts,4,LIRS,0.0,0.0,0.0,0,5
bursts,4,LRU,0.0,0.0,0.0,0,5
bursts,48,2Q,1.1800000000000026,0.9500000000000028,1.3500000000000014,0,5
bursts,48,ARC,0.0,0.0,0.0,0,5
bursts,48,LFU,-0.08000000000000256,-0.3500000000000014,0.3499999999999943,3,5
bursts,48,LIRS,0.0,0.0,0.0,0,5
bursts,48,LRU,0.0,0.0,0.0,0,5
bursts,512,2Q,9.899999999999999,8.649999999999999,11.099999999999994,0,5
bursts,512,ARC,0.0,0.0,0.0,0,5
bursts,512,LFU,0.029999999999998295,-0.4000000000000057,0.5,1,5
bursts,512,LIRS,0.0,0.0,0.0,0,5
bursts,512,LRU,0.0,0.0,0.0,0,5
bursts,64,2Q,1.6399999999999992,1.0499999999999972,2.0,0,5
bursts,64,ARC,0.0,0.0,0.0,0,5
bursts,64,LFU,-0.05,-0.45000000000000284,0.30000000000000426,2,5
bursts,64,LIRS,0.0,0.0,0.0,0,5
bursts,64,LRU,0.0,0.0,0.0,0,5
bursts,72,2Q,2.0,1.6499999999999986,2.3500000000000014,0,5
bursts,72,ARC,0.0,0.0,0.0,0,5
bursts,72,LFU,0.18000000000000113,-0.14999999999999858,0.3999999999999986,1,5
bursts,72,LIRS,0.0,0.0,0.0,0,5
bursts,72,LRU,0.0,0.0,0.0,0,5
bursts,768,2Q,10.919999999999998,10.699999999999996,11.199999999999996,0,5
bursts,768,ARC,0.0,0.0,0.0,0,5
bursts,768,LFU,0.0,0.0,0.0,0,5
bursts,768,LIRS,0.0,0.0,0.0,0,5
bursts,768,LRU,0.0,0.0,0.0,0,5
bursts,8,2Q,0.3,0.25,0.44999999999999574,0,5
bursts,8,ARC,0.0,0.0,0.0,0,5
bursts,8,LFU,0.1,0.0,0.19999999999999574,0,5
bursts,8,LIRS,0.0,0.0,0.0,0,5
bursts,8,LRU,0.0,0.0,0.0,0,5
bursts,96,2Q,2.3699999999999988,2.1499999999999986,2.450000000000003,0,5
bursts,96,ARC,0.0,0.0,0.0,0,5
bursts,96,LFU,-0.1,-0.14999999999999858,0.0,4,5
bursts,96,LIRS,0.0,0.0,0.0,0,5
bursts,96,LRU,0.0,0.0,0.0,0,5
hot_cold,1,ARC,0.0,0.0,0.0,0,5
hot_cold,1,LFU,0.0,0.0,0.0,0,5
hot_cold,1,LRU,0.0,0.0,0.0,0,5
hot_cold,1024,2Q,21.07,20.35,21.699999999999996,0,5
hot_cold,1024,ARC,0.0,0.0,0.0,0,5
hot_cold,1024,LFU,0.0,0.0,0.0,0,5
hot_cold,1024,LIRS,0.0,0.0,0.0,0,5
hot_cold,1024,LRU,0.0,0.0,0.0,0,5
hot_cold,1159,2Q,19.660000000000004,18.9,20.450000000000003,0,5
hot_cold,1159,ARC,0.0,0.0,0.0,0,5
hot_cold,1159,LFU,0.0,0.0,0.0,0,5
hot_cold,1159,LIRS,0.0,0.0,0.0,0,5
hot_cold,1159,LRU,0.0,0.0,0.0,0,5
hot_cold,1160,2Q,19.650000000000002,18.85,20.450000000000003,0,5
hot_cold,1160,ARC,0.0,0.0,0.0,0,5
hot_cold,1160,LFU,0.0,0.0,0.0,0,5
hot_cold,1160,LIRS,0.0,0.0,0.0,0,5
hot_cold,1160,LRU,0.0,0.0,0.0,0,5
hot_cold,1161,2Q,19.650000000000002,18.85,20.450000000000003,0,5
hot_cold,1161,ARC,0.0,0.0,0.0,0,5
hot_cold,1161,LFU,0.0,0.0,0.0,0,5
hot_cold,1161,LIRS,0.0,0.0,0.0,0,5
hot_cold,1161,LRU,0.0,0.0,0.0,0,5
hot_cold,144,2Q,3.3399999999999976,3.049999999999997,3.6999999999999886,0,5
hot_cold,144,ARC,-0.15000000000000285,-0.75,0.6999999999999886,3,5
hot_cold,144,LFU,-0.2,-1.25,0.3999999999999915,2,5
hot_cold,144,LIRS,-0.020000000000001704,-0.8999999999999915,0.6999999999999886,3,5
hot_cold,144,LRU,0.0,0.0,0.0,0,5
hot_cold,145,2Q,3.379999999999998,3.049999999999997,3.6999999999999886,0,5
hot_cold,145,ARC,-0.10999999999999659,-0.7999999999999972,0.75,3,5
hot_cold,145,LFU,-0.2299999999999983,-1.2999999999999972,0.4000000000000057,3,5
hot_cold,145,LIRS,-0.029999999999998295,-0.9500000000000028,0.6999999999999886,3,5
hot_cold,145,LRU,0.0,0.0,0.0,0,5
hot_cold,146,2Q,3.45,3.1499999999999915,3.75,0,5
hot_cold,146,ARC,-0.039999999999997725,-0.5,0.75,3,5
hot_cold,146,LFU,-0.25,-1.4000000000000057,0.45000000000000284,3,5
hot_cold,146,LIRS,-0.009999999999999431,-0.8499999999999943,0.75,2,5
hot_cold,146,LRU,0.0,0.0,0.0,0,5
hot_cold,16,2Q,-27.859999999999992,-31.300000000000068,-23.949999999999932,5,5
hot_cold,16,ARC,-24.400000000000023,-29.65000000000009,-20.25,5,5
hot_cold,16,LFU,-46.14000000000001,-55.90000000000009,-36.84999999999991,5,5
hot_cold,16,LIRS,-45.98999999999999,-53.55000000000007,-39.39999999999998,5,5
hot_cold,16,LRU,0.0,0.0,0.0,0,5
hot_cold,192,2Q,4.74,4.3500000000000085,5.25,0,5
hot_cold,192,ARC,-0.15999999999999942,-0.5,0.3500000000000085,4,5
hot_cold,192,LFU,-0.3299999999999983,-0.6000000000000085,0.25,4,5
hot_cold,192,LIRS,-0.13999999999999774,-1.0999999999999943,0.75,3,5
hot_cold,192,LRU,0.0,0.0,0.0,0,5
hot_cold,2,2Q,-2.3600000000000136,-6.149999999999977,-0.40000000000009095,5,5
hot_cold,2,ARC,-2.2600000000000136,-4.949999999999932,-0.9500000000000455,5,5
hot_cold,2,LFU,-2.759999999999991,-6.199999999999932,-0.9499999999999318,5,5
hot_cold,2,LIRS,-3.340000000000009,-6.149999999999977,-2.0499999999999545,5,5
hot_cold,2,LRU,0.0,0.0,0.0,0,5
hot_cold,217,2Q,5.439999999999998,5.200000000000003,5.75,0,5
hot_cold,217,ARC,-0.04000000000000057,-0.3500000000000085,0.7000000000000028,4,5
hot_cold,217,LFU,-0.1700000000000017,-0.5500000000000114,0.04999999999999716,3,5
hot_cold,217,LIRS,-0.12999999999999828,-1.0,0.7000000000000028,2,5
hot_cold,217,LRU,0.0,0.0,0.0,0,5
hot_cold,24,2Q,-36.830000000000005,-39.14999999999998,-32.5,5,5
hot_cold,24,ARC,-62.21999999999999,-65.34999999999997,-59.400000000000034,5,5
hot_cold,24,LFU,-79.05000000000001,-85.69999999999999,-75.90000000000003,5,5
hot_cold,24,LIRS,-79.23,-83.5,-74.40000000000003,5,5
hot_cold,24,LRU,0.0,0.0,0.0,0,5
hot_cold,256,2Q,6.340000000000003,6.1000000000000085,6.650000000000006,0,5
hot_cold,256,ARC,2.842170943040401e-15,-0.3999999999999915,0.4000000000000057,2,5
hot_cold,256,LFU,-0.4299999999999983,-1.4500000000000028,0.4000000000000057,4,5
hot_cold,256,LIRS,-0.3699999999999989,-1.2000000000000028,0.7000000000000028,3,5
hot_cold,256,LRU,0.0,0.0,0.0,0,5
hot_cold,289,2Q,7.200000000000003,6.799999999999997,7.700000000000003,0,5
hot_cold,289,ARC,-0.10999999999999659,-0.5999999999999943,0.6500000000000057,3,5
hot_cold,289,LFU,-0.5399999999999977,-0.7999999999999972,0.04999999999999716,4,5
hot_cold,289,LIRS,-0.49000000000000055,-1.6500000000000057,1.2000000000000028,4,5
hot_cold,289,LRU,0.0,0.0,0.0,0,5
hot_cold,290,2Q,7.2200000000000015,6.849999999999994,7.650000000000006,0,5
hot_cold,290,ARC,-0.060000000000002274,-0.6500000000000057,0.9500000000000028,3,5
hot_cold,290,LFU,-0.5699999999999988,-0.7999999999999972,-0.04999999999999716,5,5
hot_cold,290,LIRS,-0.48000000000000115,-1.6000000000000085,1.1500000000000057,4,5
hot_cold,290,LRU,0.0,0.0,0.0,0,5
hot_cold,291,2Q,7.2200000000000015,6.799999999999997,7.650000000000006,0,5
hot_cold,291,ARC,-0.24000000000000057,-0.8999999999999915,0.9000000000000057,3,5
hot_cold,291,LFU,-0.6300000000000011,-0.9000000000000057,-0.15000000000000568,5,5
hot_cold,291,LIRS,-0.580000000000004,-1.7000000000000028,1.0499999999999972,4,5
hot_cold,291,LRU,0.0,0.0,0.0,0,5
hot_cold,32,2Q,-34.42999999999997,-36.099999999999966,-32.19999999999999,5,5
hot_cold,32,ARC,-105.61999999999999,-107.99999999999997,-102.35,5,5
hot_cold,32,LFU,-121.02999999999999,-124.30000000000001,-118.25,5,5
hot_cold,32,LIRS,-119.12999999999998,-121.85,-113.25,5,5
hot_cold,32,LRU,0.0,0.0,0.0,0,5
hot_cold,35,2Q,-39.96,-41.0,-38.04999999999998,5,5
hot_cold,35,ARC,-124.93,-126.15,-122.94999999999999,5,5
hot_cold,35,LFU,-139.48,-142.0,-137.39999999999998,5,5
hot_cold,35,LIRS,-136.15,-137.50000000000003,-134.55,5,5
hot_cold,35,LRU,0.0,0.0,0.0,0,5
hot_cold,36,2Q,-31.899999999999995,-32.650000000000034,-31.19999999999999,5,5
hot_cold,36,ARC,-132.26,-132.65000000000003,-131.59999999999997,5,5
hot_cold,36,LFU,-145.07999999999998,-147.64999999999998,-142.89999999999998,5,5
hot_cold,36,LIRS,-140.88,-142.2,-139.15,5,5
hot_cold,36,LRU,0.0,0.0,0.0,0,5
hot_cold,37,2Q,-33.7,-35.349999999999994,-32.80000000000001,5,5
hot_cold,37,ARC,-136.77,-138.35,-134.35,5,5
hot_cold,37,LFU,-149.1,-150.5,-148.1,5,5
hot_cold,37,LIRS,-143.72,-145.15,-141.75,5,5
hot_cold,37,LRU,0.0,0.0,0.0,0,5
hot_cold,384,2Q,9.649999999999997,8.450000000000003,10.950000000000003,0,5
hot_cold,384,ARC,0.09999999999999716,-0.75,1.1999999999999886,3,5
hot_cold,384,LFU,-0.4,-1.3499999999999943,0.5,3,5
hot_cold,384,LIRS,-0.09000000000000057,-1.5,1.3999999999999915,2,5
hot_cold,384,LRU,0.0,0.0,0.0,0,5
hot_cold,4,2Q,-7.679999999999995,-9.149999999999977,-5.25,5,5
hot_cold,4,ARC,-4.710000000000013,-5.899999999999977,-3.3500000000000227,5,5
hot_cold,4,LFU,-8.099999999999977,-11.399999999999977,-5.949999999999932,5,5
hot_cold,4,LIRS,-7.8799999999999955,-10.450000000000045,-6.399999999999977,5,5
hot_cold,4,LRU,0.0,0.0,0.0,0,5
hot_cold,48,2Q,-26.809999999999995,-28.549999999999983,-24.25,5,5
hot_cold,48,ARC,-32.86,-34.69999999999999,-30.75,5,5
hot_cold,48,LFU,-33.28999999999999,-34.999999999999986,-31.19999999999999,5,5
hot_cold,48,LIRS,-33.21999999999999,-35.19999999999999,-30.849999999999994,5,5
hot_cold,48,LRU,0.0,0.0,0.0,0,5
hot_cold,512,2Q,12.719999999999999,12.299999999999997,13.200000000000003,0,5
hot_cold,512,ARC,0.0700000000000017,-0.25,0.3500000000000085,2,5
hot_cold,512,LFU,-0.5500000000000028,-1.25,0.7000000000000028,4,5
hot_cold,512,LIRS,-0.6399999999999977,-1.75,0.30000000000001137,3,5
hot_cold,512,LRU,0.0,0.0,0.0,0,5
hot_cold,64,2Q,0.4099999999999966,0.09999999999999432,0.75,0,5
hot_cold,64,ARC,-0.8900000000000035,-1.5500000000000114,0.04999999999999716,4,5
hot_cold,64,LFU,-1.5100000000000022,-1.9500000000000028,-1.25,5,5
hot_cold,64,LIRS,-1.4700000000000046,-2.200000000000003,-1.0,5,5
hot_cold,64,LRU,0.0,0.0,0.0,0,5
hot_cold,72,2Q,1.5400000000000034,1.2000000000000028,2.1000000000000085,0,5
hot_cold,72,ARC,-0.26999999999999885,-0.7000000000000028,0.6500000000000057,4,5
hot_cold,72,LFU,-0.34999999999999715,-0.75,0.20000000000000284,4,5
hot_cold,72,LIRS,-0.40000000000000285,-1.1500000000000057,0.5,4,5
hot_cold,72,LRU,0.0,0.0,0.0,0,5
hot_cold,768,2Q,19.36,18.85,19.950000000000003,0,5
hot_cold,768,ARC,0.029999999999999714,-0.45000000000000284,0.44999999999999574,2,5
hot_cold,768,LFU,0.029999999999999714,-0.45000000000000284,0.44999999999999574,2,5
hot_cold,768,LIRS,-0.029999999999999714,-0.7999999999999972,0.5500000000000043,3,5
hot_cold,768,LRU,0.0,0.0,0.0,0,5
hot_cold,8,2Q,-14.869999999999981,-19.799999999999955,-10.199999999999932,5,5
hot_cold,8,ARC,-8.129999999999972,-10.300000000000068,-6.2999999999999545,5,5
hot_cold,8,LFU,-17.929999999999996,-24.0,-12.949999999999932,5,5
hot_cold,8,LIRS,-18.99999999999998,-26.399999999999977,-14.449999999999932,5,5
hot_cold,8,LRU,0.0,0.0,0.0,0,5
hot_cold,96,2Q,2.4400000000000035,2.0,3.0500000000000114,0,5
hot_cold,96,ARC,-0.06999999999999602,-0.4000000000000057,0.5500000000000114,4,5
hot_cold,96,LFU,-0.05,-0.9000000000000057,0.29999999999999716,1,5
hot_cold,96,LIRS,-0.12999999999999828,-0.7000000000000028,0.6000000000000085,3,5
hot_cold,96,LRU,0.0,0.0,0.0,0,5
hot_scan,1,ARC,0.0,0.0,0.0,0,5
hot_scan,1,LFU,0.0,0.0,0.0,0,5
hot_scan,1,LRU,0.0,0.0,0.0,0,5
hot_scan,1024,2Q,1.799999999999983,1.799999999999983,1.799999999999983,0,5
hot_scan,1024,ARC,0.0,0.0,0.0,0,5
hot_scan,1024,LFU,0.0,0.0,0.0,0,5
hot_scan,1024,LIRS,0.0,0.0,0.0,0,5
hot_scan,1024,LRU,0.0,0.0,0.0,0,5
hot_scan,1159,2Q,1.799999999999983,1.799999999999983,1.799999999999983,0,5
hot_scan,1159,ARC,0.0,0.0,0.0,0,5
hot_scan,1159,LFU,0.0,0.0,0.0,0,5
hot_scan,1159,LIRS,0.0,0.0,0.0,0,5
hot_scan,1159,LRU,0.0,0.0,0.0,0,5
hot_scan,1160,2Q,1.799999999999983,1.799999999999983,1.799999999999983,0,5
hot_scan,1160,ARC,0.0,0.0,0.0,0,5
hot_scan,1160,LFU,0.0,0.0,0.0,0,5
hot_scan,1160,LIRS,0.0,0.0,0.0,0,5
hot_scan,1160,LRU,0.0,0.0,0.0,0,5
hot_scan,1161,2Q,1.799999999999983,1.799999999999983,1.799999999999983,0,5
hot_scan,1161,ARC,0.0,0.0,0.0,0,5
hot_scan,1161,LFU,0.0,0.0,0.0,0,5
hot_scan,1161,LIRS,0.0,0.0,0.0,0,5
hot_scan,1161,LRU,0.0,0.0,0.0,0,5
hot_scan,144,2Q,8.280000000000006,7.550000000000011,9.349999999999966,0,5
hot_scan,144,ARC,-61.14999999999999,-61.74999999999997,-60.20000000000002,5,5
hot_scan,144,LFU,-61.14999999999999,-61.74999999999997,-60.20000000000002,5,5
hot_scan,144,LIRS,-61.14999999999999,-61.74999999999997,-60.20000000000002,5,5
hot_scan,144,LRU,0.0,0.0,0.0,0,5
hot_scan,145,2Q,9.590000000000009,8.849999999999966,10.899999999999977,0,5
hot_scan,145,ARC,-59.83999999999999,-60.45000000000002,-58.650000000000006,5,5
hot_scan,145,LFU,-59.83999999999999,-60.45000000000002,-58.650000000000006,5,5
hot_scan,145,LIRS,-59.83999999999999,-60.45000000000002,-58.650000000000006,5,5
hot_scan,145,LRU,0.0,0.0,0.0,0,5
hot_scan,146,2Q,10.850000000000012,10.149999999999977,12.399999999999977,0,5
hot_scan,146,ARC,-58.57999999999999,-59.150000000000006,-57.150000000000006,5,5
hot_scan,146,LFU,-58.57999999999999,-59.150000000000006,-57.150000000000006,5,5
hot_scan,146,LIRS,-58.57999999999999,-59.150000000000006,-57.150000000000006,5,5
hot_scan,146,LRU,0.0,0.0,0.0,0,5
hot_scan,16,2Q,-7.529999999999973,-10.0,-4.399999999999977,5,5
hot_scan,16,ARC,-6.539999999999964,-8.300000000000068,-4.75,5,5
hot_scan,16,LFU,-8.959999999999969,-13.799999999999955,-3.849999999999909,5,5
hot_scan,16,LIRS,-9.179999999999973,-12.449999999999932,-3.7999999999999545,5,5
hot_scan,16,LRU,0.0,0.0,0.0,0,5
hot_scan,192,2Q,4.490000000000004,3.4000000000000057,5.549999999999983,0,5
hot_scan,192,ARC,0.0,0.0,0.0,0,5
hot_scan,192,LFU,0.0,0.0,0.0,0,5
hot_scan,192,LIRS,0.0,0.0,0.0,0,5
hot_scan,192,LRU,0.0,0.0,0.0,0,5
hot_scan,2,2Q,-0.42999999999999544,-0.9499999999999318,0.25,4,5
hot_scan,2,ARC,-0.32999999999999546,-1.0,1.1499999999999773,3,5
hot_scan,2,LFU,-0.14999999999997726,-0.7999999999999545,0.75,3,5
hot_scan,2,LIRS,-0.7299999999999954,-2.0,0.1999999999999318,3,5
hot_scan,2,LRU,0.0,0.0,0.0,0,5
hot_scan,217,2Q,1.9000000000000057,1.9000000000000057,1.9000000000000057,0,5
hot_scan,217,ARC,0.0,0.0,0.0,0,5
hot_scan,217,LFU,0.0,0.0,0.0,0,5
hot_scan,217,LIRS,0.0,0.0,0.0,0,5
hot_scan,217,LRU,0.0,0.0,0.0,0,5
hot_scan,24,2Q,-18.74000000000002,-20.000000000000057,-15.400000000000034,5,5
hot_scan,24,ARC,-19.760000000000037,-21.450000000000045,-17.850000000000023,5,5
hot_scan,24,LFU,-19.850000000000023,-25.000000000000057,-17.350000000000023,5,5
hot_scan,24,LIRS,-20.680000000000028,-22.80000000000001,-16.700000000000045,5,5
hot_scan,24,LRU,0.0,0.0,0.0,0,5
hot_scan,256,2Q,1.799999999999983,1.799999999999983,1.799999999999983,0,5
hot_scan,256,ARC,0.0,0.0,0.0,0,5
hot_scan,256,LFU,0.0,0.0,0.0,0,5
hot_scan,256,LIRS,0.0,0.0,0.0,0,5
hot_scan,256,LRU,0.0,0.0,0.0,0,5
hot_scan,289,2Q,1.799999999999983,1.799999999999983,1.799999999999983,0,5
hot_scan,289,ARC,0.0,0.0,0.0,0,5
hot_scan,289,LFU,0.0,0.0,0.0,0,5
hot_scan,289,LIRS,0.0,0.0,0.0,0,5
hot_scan,289,LRU,0.0,0.0,0.0,0,5
hot_scan,290,2Q,1.799999999999983,1.799999999999983,1.799999999999983,0,5
hot_scan,290,ARC,0.0,0.0,0.0,0,5
hot_scan,290,LFU,0.0,0.0,0.0,0,5
hot_scan,290,LIRS,0.0,0.0,0.0,0,5
hot_scan,290,LRU,0.0,0.0,0.0,0,5
hot_scan,291,2Q,1.799999999999983,1.799999999999983,1.799999999999983,0,5
hot_scan,291,ARC,0.0,0.0,0.0,0,5
hot_scan,291,LFU,0.0,0.0,0.0,0,5
hot_scan,291,LIRS,0.0,0.0,0.0,0,5
hot_scan,291,LRU,0.0,0.0,0.0,0,5
hot_scan,32,2Q,-38.12000000000002,-40.25,-36.5,5,5
hot_scan,32,ARC,-45.18000000000002,-47.30000000000001,-44.05000000000001,5,5
hot_scan,32,LFU,-44.10000000000001,-46.150000000000034,-43.05000000000001,5,5
hot_scan,32,LIRS,-46.19000000000002,-47.60000000000002,-44.60000000000002,5,5
hot_scan,32,LRU,0.0,0.0,0.0,0,5
hot_scan,35,2Q,-48.719999999999985,-49.599999999999966,-47.75,5,5
hot_scan,35,ARC,-60.23999999999999,-61.099999999999966,-58.900000000000034,5,5
hot_scan,35,LFU,-60.60999999999999,-61.39999999999998,-59.450000000000045,5,5
hot_scan,35,LIRS,-60.37999999999998,-61.64999999999998,-58.150000000000034,5,5
hot_scan,35,LRU,0.0,0.0,0.0,0,5
hot_scan,36,2Q,-50.730000000000004,-50.85000000000002,-50.64999999999998,5,5
hot_scan,36,ARC,-67.52,-67.64999999999998,-67.35,5,5
hot_scan,36,LFU,-67.51,-67.64999999999998,-67.35,5,5
hot_scan,36,LIRS,-67.53,-67.64999999999998,-67.39999999999998,5,5
hot_scan,36,LRU,0.0,0.0,0.0,0,5
hot_scan,37,2Q,-50.730000000000004,-50.85000000000002,-50.64999999999998,5,5
hot_scan,37,ARC,-69.43,-69.54999999999998,-69.29999999999998,5,5
hot_scan,37,LFU,-69.43,-69.54999999999998,-69.29999999999998,5,5
hot_scan,37,LIRS,-69.43,-69.54999999999998,-69.29999999999998,5,5
hot_scan,37,LRU,0.0,0.0,0.0,0,5
hot_scan,384,2Q,1.799999999999983,1.799999999999983,1.799999999999983,0,5
hot_scan,384,ARC,0.0,0.0,0.0,0,5
hot_scan,384,LFU,0.0,0.0,0.0,0,5
hot_scan,384,LIRS,0.0,0.0,0.0,0,5
hot_scan,384,LRU,0.0,0.0,0.0,0,5
hot_scan,4,2Q,-1.0700000000000274,-4.100000000000023,1.349999999999909,3,5
hot_scan,4,ARC,-0.5900000000000318,-1.6499999999999773,1.4499999999999318,4,5
hot_scan,4,LFU,-0.8100000000000136,-1.8500000000000227,1.7000000000000455,4,5
hot_scan,4,LIRS,-0.7700000000000273,-2.5,0.5499999999999545,4,5
hot_scan,4,LRU,0.0,0.0,0.0,0,5
hot_scan,48,2Q,-45.11,-45.30000000000001,-45.0,5,5
hot_scan,48,ARC,-69.43,-69.54999999999998,-69.29999999999998,5,5
hot_scan,48,LFU,-69.43,-69.54999999999998,-69.29999999999998,5,5
hot_scan,48,LIRS,-69.43,-69.54999999999998,-69.29999999999998,5,5
hot_scan,48,LRU,0.0,0.0,0.0,0,5
hot_scan,512,2Q,1.799999999999983,1.799999999999983,1.799999999999983,0,5
hot_scan,512,ARC,0.0,0.0,0.0,0,5
hot_scan,512,LFU,0.0,0.0,0.0,0,5
hot_scan,512,LIRS,0.0,0.0,0.0,0,5
hot_scan,512,LRU,0.0,0.0,0.0,0,5
hot_scan,64,2Q,-37.56999999999999,-37.75,-37.44999999999999,5,5
hot_scan,64,ARC,-69.43,-69.54999999999998,-69.29999999999998,5,5
hot_scan,64,LFU,-69.43,-69.54999999999998,-69.29999999999998,5,5
hot_scan,64,LIRS,-69.43,-69.54999999999998,-69.29999999999998,5,5
hot_scan,64,LRU,0.0,0.0,0.0,0,5
hot_scan,72,2Q,-33.82000000000001,-34.05000000000001,-33.69999999999999,5,5
hot_scan,72,ARC,-69.43,-69.54999999999998,-69.29999999999998,5,5
hot_scan,72,LFU,-69.43,-69.54999999999998,-69.29999999999998,5,5
hot_scan,72,LIRS,-69.43,-69.54999999999998,-69.29999999999998,5,5
hot_scan,72,LRU,0.0,0.0,0.0,0,5
hot_scan,768,2Q,1.799999999999983,1.799999999999983,1.799999999999983,0,5
hot_scan,768,ARC,0.0,0.0,0.0,0,5
hot_scan,768,LFU,0.0,0.0,0.0,0,5
hot_scan,768,LIRS,0.0,0.0,0.0,0,5
hot_scan,768,LRU,0.0,0.0,0.0,0,5
hot_scan,8,2Q,-0.6,-4.350000000000023,1.3999999999999773,2,5
hot_scan,8,ARC,-0.5299999999999727,-2.199999999999932,1.650000000000091,3,5
hot_scan,8,LFU,-1.669999999999959,-7.0499999999999545,4.2000000000000455,3,5
hot_scan,8,LIRS,-1.4700000000000046,-2.75,-0.8500000000000227,5,5
hot_scan,8,LRU,0.0,0.0,0.0,0,5
hot_scan,96,2Q,-22.51,-22.650000000000034,-22.44999999999999,5,5
hot_scan,96,ARC,-69.43,-69.54999999999998,-69.29999999999998,5,5
hot_scan,96,LFU,-69.43,-69.54999999999998,-69.29999999999998,5,5
hot_scan,96,LIRS,-69.43,-69.54999999999998,-69.29999999999998,5,5
hot_scan,96,LRU,0.0,0.0,0.0,0,5
navigation,1,ARC,0.0,0.0,0.0,0,5
navigation,1,LFU,0.0,0.0,0.0,0,5
navigation,1,LRU,0.0,0.0,0.0,0,5
navigation,1024,2Q,8.2,8.2,8.2,0,5
navigation,1024,ARC,0.0,0.0,0.0,0,5
navigation,1024,LFU,0.0,0.0,0.0,0,5
navigation,1024,LIRS,0.0,0.0,0.0,0,5
navigation,1024,LRU,0.0,0.0,0.0,0,5
navigation,1159,2Q,6.550000000000001,6.550000000000001,6.550000000000001,0,5
navigation,1159,ARC,0.0,0.0,0.0,0,5
navigation,1159,LFU,0.0,0.0,0.0,0,5
navigation,1159,LIRS,0.0,0.0,0.0,0,5
navigation,1159,LRU,0.0,0.0,0.0,0,5
navigation,1160,2Q,6.5,6.5,6.5,0,5
navigation,1160,ARC,0.0,0.0,0.0,0,5
navigation,1160,LFU,0.0,0.0,0.0,0,5
navigation,1160,LIRS,0.0,0.0,0.0,0,5
navigation,1160,LRU,0.0,0.0,0.0,0,5
navigation,1161,2Q,6.5,6.5,6.5,0,5
navigation,1161,ARC,0.0,0.0,0.0,0,5
navigation,1161,LFU,0.0,0.0,0.0,0,5
navigation,1161,LIRS,0.0,0.0,0.0,0,5
navigation,1161,LRU,0.0,0.0,0.0,0,5
navigation,144,2Q,83.39999999999998,83.39999999999998,83.39999999999998,0,5
navigation,144,ARC,1.599999999999966,1.599999999999966,1.599999999999966,0,5
navigation,144,LFU,109.39999999999998,109.39999999999998,109.39999999999998,0,5
navigation,144,LIRS,263.65,263.65,263.65,0,5
navigation,144,LRU,0.0,0.0,0.0,0,5
navigation,145,2Q,83.39999999999998,83.39999999999998,83.39999999999998,0,5
navigation,145,ARC,1.5499999999999545,1.5499999999999545,1.5499999999999545,0,5
navigation,145,LFU,109.39999999999998,109.39999999999998,109.39999999999998,0,5
navigation,145,LIRS,263.6,263.6,263.6,0,5
navigation,145,LRU,0.0,0.0,0.0,0,5
navigation,146,2Q,83.39999999999998,83.39999999999998,83.39999999999998,0,5
navigation,146,ARC,1.5499999999999545,1.5499999999999545,1.5499999999999545,0,5
navigation,146,LFU,109.39999999999998,109.39999999999998,109.39999999999998,0,5
navigation,146,LIRS,263.54999999999995,263.54999999999995,263.54999999999995,0,5
navigation,146,LRU,0.0,0.0,0.0,0,5
navigation,16,2Q,478.79999999999995,478.79999999999995,478.79999999999995,0,5
navigation,16,ARC,46.09999999999991,46.09999999999991,46.09999999999991,0,5
navigation,16,LFU,197.5999999999999,197.5999999999999,197.5999999999999,0,5
navigation,16,LIRS,20.449999999999932,20.449999999999932,20.449999999999932,0,5
navigation,16,LRU,0.0,0.0,0.0,0,5
navigation,192,2Q,-17.600000000000023,-17.600000000000023,-17.600000000000023,5,5
navigation,192,ARC,2.0499999999999545,2.0499999999999545,2.0499999999999545,0,5
navigation,192,LFU,49.39999999999998,49.39999999999998,49.39999999999998,0,5
navigation,192,LIRS,261.25,261.25,261.25,0,5
navigation,192,LRU,0.0,0.0,0.0,0,5
navigation,2,2Q,0.0,0.0,0.0,0,5
navigation,2,ARC,0.0,0.0,0.0,0,5
navigation,2,LFU,0.0,0.0,0.0,0,5
navigation,2,LIRS,-62.450000000000045,-62.450000000000045,-62.450000000000045,5,5
navigation,2,LRU,0.0,0.0,0.0,0,5
navigation,217,2Q,0.19999999999998863,0.19999999999998863,0.19999999999998863,0,5
navigation,217,ARC,2.349999999999966,2.349999999999966,2.349999999999966,0,5
navigation,217,LFU,113.39999999999998,113.39999999999998,113.39999999999998,0,5
navigation,217,LIRS,260.04999999999995,260.04999999999995,260.04999999999995,0,5
navigation,217,LRU,0.0,0.0,0.0,0,5
navigation,24,2Q,21.199999999999932,21.199999999999932,21.199999999999932,0,5
navigation,24,ARC,0.5499999999999545,0.5499999999999545,0.5499999999999545,0,5
navigation,24,LFU,135.5999999999999,135.5999999999999,135.5999999999999,0,5
navigation,24,LIRS,20.049999999999955,20.049999999999955,20.049999999999955,0,5
navigation,24,LRU,0.0,0.0,0.0,0,5
navigation,256,2Q,0.19999999999998863,0.19999999999998863,0.19999999999998863,0,5
navigation,256,ARC,1.9499999999999886,1.9499999999999886,1.9499999999999886,0,5
navigation,256,LFU,-10.600000000000023,-10.600000000000023,-10.600000000000023,5,5
navigation,256,LIRS,258.1,258.1,258.1,0,5
navigation,256,LRU,0.0,0.0,0.0,0,5
navigation,289,2Q,0.19999999999998863,0.19999999999998863,0.19999999999998863,0,5
navigation,289,ARC,1.849999999999966,1.849999999999966,1.849999999999966,0,5
navigation,289,LFU,-70.60000000000002,-70.60000000000002,-70.60000000000002,5,5
navigation,289,LIRS,256.44999999999993,256.44999999999993,256.44999999999993,0,5
navigation,289,LRU,0.0,0.0,0.0,0,5
navigation,290,2Q,0.19999999999998863,0.19999999999998863,0.19999999999998863,0,5
navigation,290,ARC,1.849999999999966,1.849999999999966,1.849999999999966,0,5
navigation,290,LFU,-70.60000000000002,-70.60000000000002,-70.60000000000002,5,5
navigation,290,LIRS,256.4,256.4,256.4,0,5
navigation,290,LRU,0.0,0.0,0.0,0,5
navigation,291,2Q,0.19999999999998863,0.19999999999998863,0.19999999999998863,0,5
navigation,291,ARC,1.7999999999999545,1.7999999999999545,1.7999999999999545,0,5
navigation,291,LFU,-70.60000000000002,-70.60000000000002,-70.60000000000002,5,5
navigation,291,LIRS,256.35,256.35,256.35,0,5
navigation,291,LRU,0.0,0.0,0.0,0,5
navigation,32,2Q,21.199999999999932,21.199999999999932,21.199999999999932,0,5
navigation,32,ARC,0.5499999999999545,0.5499999999999545,0.5499999999999545,0,5
navigation,32,LFU,73.59999999999991,73.59999999999991,73.59999999999991,0,5
navigation,32,LIRS,19.649999999999977,19.649999999999977,19.649999999999977,0,5
navigation,32,LRU,0.0,0.0,0.0,0,5
navigation,35,2Q,21.199999999999932,21.199999999999932,21.199999999999932,0,5
navigation,35,ARC,0.6499999999999773,0.6499999999999773,0.6499999999999773,0,5
navigation,35,LFU,73.59999999999991,73.59999999999991,73.59999999999991,0,5
navigation,35,LIRS,19.5,19.5,19.5,0,5
navigation,35,LRU,0.0,0.0,0.0,0,5
navigation,36,2Q,21.149999999999977,21.149999999999977,21.149999999999977,0,5
navigation,36,ARC,-13.850000000000023,-13.850000000000023,-13.850000000000023,5,5
navigation,36,LFU,42.59999999999991,42.59999999999991,42.59999999999991,0,5
navigation,36,LIRS,19.449999999999932,19.449999999999932,19.449999999999932,0,5
navigation,36,LRU,0.0,0.0,0.0,0,5
navigation,37,2Q,21.149999999999977,21.149999999999977,21.149999999999977,0,5
navigation,37,ARC,-18.600000000000023,-18.600000000000023,-18.600000000000023,5,5
navigation,37,LFU,42.59999999999991,42.59999999999991,42.59999999999991,0,5
navigation,37,LIRS,19.399999999999977,19.399999999999977,19.399999999999977,0,5
navigation,37,LRU,0.0,0.0,0.0,0,5
navigation,384,2Q,19.600000000000023,19.600000000000023,19.600000000000023,0,5
navigation,384,ARC,2.1000000000000227,2.1000000000000227,2.1000000000000227,0,5
navigation,384,LFU,-171.2,-171.2,-171.2,5,5
navigation,384,LIRS,145.95,145.95,145.95,0,5
navigation,384,LRU,0.0,0.0,0.0,0,5
navigation,4,2Q,0.0,0.0,0.0,0,5
navigation,4,ARC,0.0,0.0,0.0,0,5
navigation,4,LFU,0.0,0.0,0.0,0,5
navigation,4,LIRS,-187.35000000000002,-187.35000000000002,-187.35000000000002,5,5
navigation,4,LRU,0.0,0.0,0.0,0,5
navigation,48,2Q,-17.600000000000023,-17.600000000000023,-17.600000000000023,5,5
navigation,48,ARC,-119.75000000000006,-119.75000000000006,-119.75000000000006,5,5
navigation,48,LFU,-19.400000000000034,-19.400000000000034,-19.400000000000034,5,5
navigation,48,LIRS,18.84999999999991,18.84999999999991,18.84999999999991,0,5
navigation,48,LRU,0.0,0.0,0.0,0,5
navigation,512,2Q,250.8,250.8,250.8,0,5
navigation,512,ARC,0.0,0.0,0.0,0,5
navigation,512,LFU,0.0,0.0,0.0,0,5
navigation,512,LIRS,0.0,0.0,0.0,0,5
navigation,512,LRU,0.0,0.0,0.0,0,5
navigation,64,2Q,187.39999999999998,187.39999999999998,187.39999999999998,0,5
navigation,64,ARC,2.349999999999966,2.349999999999966,2.349999999999966,0,5
navigation,64,LFU,386.4,386.4,386.4,0,5
navigation,64,LIRS,267.65,267.65,267.65,0,5
navigation,64,LRU,0.0,0.0,0.0,0,5
navigation,72,2Q,177.0,177.0,177.0,0,5
navigation,72,ARC,2.099999999999966,2.099999999999966,2.099999999999966,0,5
navigation,72,LFU,324.4,324.4,324.4,0,5
navigation,72,LIRS,267.25,267.25,267.25,0,5
navigation,72,LRU,0.0,0.0,0.0,0,5
navigation,768,2Q,11.399999999999999,11.399999999999999,11.399999999999999,0,5
navigation,768,ARC,0.0,0.0,0.0,0,5
navigation,768,LFU,0.0,0.0,0.0,0,5
navigation,768,LIRS,0.0,0.0,0.0,0,5
navigation,768,LRU,0.0,0.0,0.0,0,5
navigation,8,2Q,0.0,0.0,0.0,0,5
navigation,8,ARC,0.0,0.0,0.0,0,5
navigation,8,LFU,0.0,0.0,0.0,0,5
navigation,8,LIRS,-405.95000000000005,-405.95000000000005,-405.95000000000005,5,5
navigation,8,LRU,0.0,0.0,0.0,0,5
navigation,96,2Q,145.79999999999995,145.79999999999995,145.79999999999995,0,5
navigation,96,ARC,1.5,1.5,1.5,0,5
navigation,96,LFU,169.39999999999998,169.39999999999998,169.39999999999998,0,5
navigation,96,LIRS,266.04999999999995,266.04999999999995,266.04999999999995,0,5
navigation,96,LRU,0.0,0.0,0.0,0,5
phase_change,1,ARC,0.0,0.0,0.0,0,5
phase_change,1,LFU,0.0,0.0,0.0,0,5
phase_change,1,LRU,0.0,0.0,0.0,0,5
phase_change,1024,2Q,26.5,25.799999999999997,27.150000000000006,0,5
phase_change,1024,ARC,-0.009999999999999431,-0.15000000000000568,0.10000000000000142,2,5
phase_change,1024,LFU,-0.009999999999999431,-0.15000000000000568,0.10000000000000142,2,5
phase_change,1024,LIRS,0.07999999999999971,-0.20000000000000284,0.6500000000000057,2,5
phase_change,1024,LRU,0.0,0.0,0.0,0,5
phase_change,1159,2Q,25.619999999999997,24.75,26.39999999999999,0,5
phase_change,1159,ARC,0.0,0.0,0.0,0,5
phase_change,1159,LFU,0.0,0.0,0.0,0,5
phase_change,1159,LIRS,0.0,0.0,0.0,0,5
phase_change,1159,LRU,0.0,0.0,0.0,0,5
phase_change,1160,2Q,25.59,24.650000000000006,26.39999999999999,0,5
phase_change,1160,ARC,0.0,0.0,0.0,0,5
phase_change,1160,LFU,0.0,0.0,0.0,0,5
phase_change,1160,LIRS,0.0,0.0,0.0,0,5
phase_change,1160,LRU,0.0,0.0,0.0,0,5
phase_change,1161,2Q,25.59,24.650000000000006,26.39999999999999,0,5
phase_change,1161,ARC,0.0,0.0,0.0,0,5
phase_change,1161,LFU,0.0,0.0,0.0,0,5
phase_change,1161,LIRS,0.0,0.0,0.0,0,5
phase_change,1161,LRU,0.0,0.0,0.0,0,5
phase_change,144,2Q,21.360000000000003,20.89999999999999,21.75,0,5
phase_change,144,ARC,0.9200000000000046,0.5500000000000114,1.2000000000000028,0,5
phase_change,144,LFU,39.84,27.0,52.099999999999994,0,5
phase_change,144,LIRS,17.940000000000005,17.25,18.650000000000006,0,5
phase_change,144,LRU,0.0,0.0,0.0,0,5
phase_change,145,2Q,21.45,20.999999999999986,21.849999999999994,0,5
phase_change,145,ARC,0.919999999999996,0.5499999999999972,1.25,0,5
phase_change,145,LFU,35.11,23.599999999999994,44.55000000000001,0,5
phase_change,145,LIRS,18.03,17.349999999999994,18.75,0,5
phase_change,145,LRU,0.0,0.0,0.0,0,5
phase_change,146,2Q,21.46999999999999,20.999999999999986,21.94999999999999,0,5
phase_change,146,ARC,0.8900000000000006,0.45000000000000284,1.1499999999999915,0,5
phase_change,146,LFU,33.339999999999996,20.400000000000006,41.69999999999999,0,5
phase_change,146,LIRS,18.009999999999998,17.30000000000001,18.799999999999983,0,5
phase_change,146,LRU,0.0,0.0,0.0,0,5
phase_change,16,2Q,-23.6,-27.65000000000009,-19.350000000000023,5,5
phase_change,16,ARC,-21.45999999999999,-26.300000000000068,-16.149999999999977,5,5
phase_change,16,LFU,212.82999999999998,203.3499999999999,220.60000000000002,0,5
phase_change,16,LIRS,-41.42000000000003,-49.15000000000009,-34.64999999999998,5,5
phase_change,16,LRU,0.0,0.0,0.0,0,5
phase_change,192,2Q,22.650000000000006,22.10000000000001,23.44999999999999,0,5
phase_change,192,ARC,1.3299999999999983,0.7999999999999972,2.0999999999999943,0,5
phase_change,192,LFU,-5.290000000000001,-5.75,-4.700000000000003,5,5
phase_change,192,LIRS,18.62,17.35000000000001,19.799999999999997,0,5
phase_change,192,LRU,0.0,0.0,0.0,0,5
phase_change,2,2Q,-1.8100000000000365,-5.550000000000068,0.049999999999954525,4,5
phase_change,2,ARC,-2.040000000000009,-4.5,-0.7999999999999545,5,5
phase_change,2,LFU,14.479999999999972,11.449999999999932,16.0,0,5
phase_change,2,LIRS,-3.2400000000000544,-6.100000000000023,-1.900000000000091,5,5
phase_change,2,LRU,0.0,0.0,0.0,0,5
phase_change,217,2Q,22.3,21.049999999999997,23.349999999999994,0,5
phase_change,217,ARC,0.8300000000000012,0.20000000000000284,1.5999999999999943,0,5
phase_change,217,LFU,-6.030000000000001,-6.75,-5.3500000000000085,5,5
phase_change,217,LIRS,17.279999999999998,16.25,18.049999999999997,0,5
phase_change,217,LRU,0.0,0.0,0.0,0,5
phase_change,24,2Q,-29.4,-33.19999999999999,-25.450000000000045,5,5
phase_change,24,ARC,-54.23,-57.599999999999966,-52.150000000000034,5,5
phase_change,24,LFU,317.51,313.1,319.95,0,5
phase_change,24,LIRS,-70.32,-74.64999999999998,-65.44999999999999,5,5
phase_change,24,LRU,0.0,0.0,0.0,0,5
phase_change,256,2Q,18.759999999999998,13.199999999999989,22.450000000000003,0,5
phase_change,256,ARC,1.3300000000000012,1.0,1.7999999999999972,0,5
phase_change,256,LFU,-6.25,-7.650000000000006,-5.549999999999997,5,5
phase_change,256,LIRS,16.410000000000004,15.549999999999997,17.0,0,5
phase_change,256,LRU,0.0,0.0,0.0,0,5
phase_change,289,2Q,13.790000000000001,8.549999999999997,18.650000000000006,0,5
phase_change,289,ARC,2.6099999999999994,1.2000000000000028,3.299999999999997,0,5
phase_change,289,LFU,-6.609999999999999,-7.799999999999997,-6.0,5,5
phase_change,289,LIRS,14.180000000000003,11.700000000000003,16.950000000000003,0,5
phase_change,289,LRU,0.0,0.0,0.0,0,5
phase_change,290,2Q,13.75,8.450000000000003,18.89999999999999,0,5
phase_change,290,ARC,2.639999999999995,1.2999999999999972,3.3999999999999915,0,5
phase_change,290,LFU,-6.609999999999999,-7.799999999999997,-6.049999999999997,5,5
phase_change,290,LIRS,13.879999999999999,11.349999999999994,17.0,0,5
phase_change,290,LRU,0.0,0.0,0.0,0,5
phase_change,291,2Q,13.219999999999999,7.950000000000003,18.299999999999997,0,5
phase_change,291,ARC,2.7799999999999985,1.5,3.8499999999999943,0,5
phase_change,291,LFU,-6.669999999999999,-7.8999999999999915,-6.1499999999999915,5,5
phase_change,291,LIRS,13.749999999999996,11.0,16.94999999999999,0,5
phase_change,291,LRU,0.0,0.0,0.0,0,5
phase_change,32,2Q,-24.020000000000003,-24.950000000000045,-22.44999999999999,5,5
phase_change,32,ARC,-91.44,-93.94999999999999,-88.44999999999999,5,5
phase_change,32,LFU,408.51,404.09999999999997,412.6,0,5
phase_change,32,LIRS,-103.19999999999999,-107.0,-97.59999999999997,5,5
phase_change,32,LRU,0.0,0.0,0.0,0,5
phase_change,35,2Q,-28.01,-28.75,-26.05000000000001,5,5
phase_change,35,ARC,-107.14000000000001,-108.5,-105.55000000000001,5,5
phase_change,35,LFU,437.5,434.0,439.65,0,5
phase_change,35,LIRS,-116.54,-119.05000000000001,-114.80000000000001,5,5
phase_change,35,LRU,0.0,0.0,0.0,0,5
phase_change,36,2Q,-20.480000000000008,-21.25,-19.950000000000017,5,5
phase_change,36,ARC,-112.38000000000001,-114.00000000000003,-111.4,5,5
phase_change,36,LFU,447.03,442.69999999999993,449.9,0,5
phase_change,36,LIRS,-119.97000000000001,-122.80000000000001,-118.1,5,5
phase_change,36,LRU,0.0,0.0,0.0,0,5
phase_change,37,2Q,-20.850000000000005,-22.44999999999999,-20.100000000000023,5,5
phase_change,37,ARC,-115.31,-117.64999999999998,-113.4,5,5
phase_change,37,LFU,456.33,452.8,458.75,0,5
phase_change,37,LIRS,-121.25,-123.5,-119.30000000000001,5,5
phase_change,37,LRU,0.0,0.0,0.0,0,5
phase_change,384,2Q,4.579999999999998,3.3500000000000085,6.75,0,5
phase_change,384,ARC,-0.5199999999999989,-3.049999999999997,0.7000000000000028,2,5
phase_change,384,LFU,-8.149999999999997,-8.549999999999997,-7.75,5,5
phase_change,384,LIRS,-4.479999999999995,-6.099999999999994,-3.3500000000000085,5,5
phase_change,384,LRU,0.0,0.0,0.0,0,5
phase_change,4,2Q,-5.6099999999999905,-6.850000000000023,-3.7999999999999545,5,5
phase_change,4,ARC,-4.229999999999973,-5.550000000000068,-2.949999999999932,5,5
phase_change,4,LFU,43.279999999999994,40.799999999999955,45.200000000000045,0,5
phase_change,4,LIRS,-7.330000000000018,-9.950000000000045,-6.100000000000023,5,5
phase_change,4,LRU,0.0,0.0,0.0,0,5
phase_change,48,2Q,-8.679999999999989,-10.0,-6.199999999999989,5,5
phase_change,48,ARC,-21.4,-23.5,-18.549999999999983,5,5
phase_change,48,LFU,487.77000000000004,481.85,491.35,0,5
phase_change,48,LIRS,-14.379999999999995,-15.949999999999989,-11.849999999999994,5,5
phase_change,48,LRU,0.0,0.0,0.0,0,5
phase_change,512,2Q,4.460000000000003,3.8500000000000085,5.049999999999997,0,5
phase_change,512,ARC,-6.609999999999997,-7.5,-4.949999999999989,5,5
phase_change,512,LFU,-9.930000000000001,-10.550000000000011,-9.049999999999997,5,5
phase_change,512,LIRS,-8.15,-9.5,-7.0,5,5
phase_change,512,LRU,0.0,0.0,0.0,0,5
phase_change,64,2Q,17.48,17.200000000000003,17.75,0,5
phase_change,64,ARC,1.6200000000000017,1.3499999999999943,2.1000000000000085,0,5
phase_change,64,LFU,401.65999999999997,396.99999999999994,404.40000000000003,0,5
phase_change,64,LIRS,15.7,14.850000000000009,16.099999999999994,0,5
phase_change,64,LRU,0.0,0.0,0.0,0,5
phase_change,72,2Q,18.829999999999995,18.64999999999999,19.0,0,5
phase_change,72,ARC,2.1700000000000017,1.9000000000000057,2.5,0,5
phase_change,72,LFU,349.04,343.95,358.25,0,5
phase_change,72,LIRS,17.079999999999995,16.19999999999999,17.44999999999999,0,5
phase_change,72,LRU,0.0,0.0,0.0,0,5
phase_change,768,2Q,22.38,20.800000000000004,23.9,0,5
phase_change,768,ARC,-0.12000000000000029,-0.7000000000000028,0.3500000000000014,2,5
phase_change,768,LFU,-0.08999999999999915,-0.6499999999999986,0.3500000000000014,3,5
phase_change,768,LIRS,0.2,-0.9499999999999957,1.0,1,5
phase_change,768,LRU,0.0,0.0,0.0,0,5
phase_change,8,2Q,-11.940000000000031,-16.550000000000068,-6.2000000000000455,5,5
phase_change,8,ARC,-7.320000000000027,-9.75,-4.650000000000091,5,5
phase_change,8,LFU,101.56999999999998,96.5,106.60000000000002,0,5
phase_change,8,LIRS,-17.370000000000005,-24.600000000000023,-12.899999999999977,5,5
phase_change,8,LRU,0.0,0.0,0.0,0,5
phase_change,96,2Q,20.150000000000002,19.80000000000001,20.5,0,5
phase_change,96,ARC,1.2899999999999978,0.8999999999999915,1.5999999999999943,0,5
phase_change,96,LFU,235.06,229.65,240.95,0,5
phase_change,96,LIRS,17.669999999999995,16.749999999999986,18.25,0,5
phase_change,96,LRU,0.0,0.0,0.0,0,5
popular,1,ARC,0.0,0.0,0.0,0,5
popular,1,LFU,0.0,0.0,0.0,0,5
popular,1,LRU,0.0,0.0,0.0,0,5
popular,1024,2Q,35.34,35.0,35.6,0,5
popular,1024,ARC,-0.07999999999999971,-0.5,0.25,2,5
popular,1024,LFU,-0.3700000000000003,-0.6999999999999957,-0.10000000000000142,5,5
popular,1024,LIRS,-0.2799999999999997,-1.0,0.44999999999999574,3,5
popular,1024,LRU,0.0,0.0,0.0,0,5
popular,1159,2Q,38.9,38.60000000000001,39.24999999999999,0,5
popular,1159,ARC,0.0,0.0,0.0,0,5
popular,1159,LFU,0.0,0.0,0.0,0,5
popular,1159,LIRS,0.0,0.0,0.0,0,5
popular,1159,LRU,0.0,0.0,0.0,0,5
popular,1160,2Q,38.84,38.60000000000001,39.199999999999996,0,5
popular,1160,ARC,0.0,0.0,0.0,0,5
popular,1160,LFU,0.0,0.0,0.0,0,5
popular,1160,LIRS,0.0,0.0,0.0,0,5
popular,1160,LRU,0.0,0.0,0.0,0,5
popular,1161,2Q,38.84,38.60000000000001,39.199999999999996,0,5
popular,1161,ARC,0.0,0.0,0.0,0,5
popular,1161,LFU,0.0,0.0,0.0,0,5
popular,1161,LIRS,0.0,0.0,0.0,0,5
popular,1161,LRU,0.0,0.0,0.0,0,5
popular,144,2Q,-45.029999999999994,-46.349999999999966,-43.049999999999955,5,5
popular,144,ARC,-53.85999999999999,-55.05000000000001,-52.849999999999966,5,5
popular,144,LFU,-65.80000000000001,-71.90000000000003,-59.700000000000045,5,5
popular,144,LIRS,-54.720000000000006,-56.5,-53.099999999999966,5,5
popular,144,LRU,0.0,0.0,0.0,0,5
popular,145,2Q,-45.160000000000004,-47.0,-42.69999999999999,5,5
popular,145,ARC,-53.629999999999995,-54.849999999999966,-52.349999999999966,5,5
popular,145,LFU,-65.41999999999999,-71.25,-59.14999999999998,5,5
popular,145,LIRS,-54.41999999999997,-56.049999999999955,-52.549999999999955,5,5
popular,145,LRU,0.0,0.0,0.0,0,5
popular,146,2Q,-44.98,-46.599999999999966,-42.35000000000002,5,5
popular,146,ARC,-53.35000000000001,-54.650000000000034,-51.85000000000002,5,5
popular,146,LFU,-64.80000000000001,-70.60000000000002,-58.849999999999966,5,5
popular,146,LIRS,-54.1,-55.400000000000034,-52.10000000000002,5,5
popular,146,LRU,0.0,0.0,0.0,0,5
popular,16,2Q,-112.05000000000003,-114.39999999999998,-109.64999999999998,5,5
popular,16,ARC,-116.21,-120.35000000000002,-113.45000000000005,5,5
popular,16,LFU,-134.70999999999998,-152.80000000000007,-116.89999999999998,5,5
popular,16,LIRS,-110.91,-114.39999999999998,-108.5,5,5
popular,16,LRU,0.0,0.0,0.0,0,5
popular,192,2Q,-33.56999999999998,-34.94999999999999,-31.049999999999955,5,5
popular,192,ARC,-41.65999999999999,-43.05000000000001,-40.14999999999998,5,5
popular,192,LFU,-52.11,-56.35000000000002,-48.89999999999998,5,5
popular,192,LIRS,-45.279999999999994,-46.94999999999999,-44.0,5,5
popular,192,LRU,0.0,0.0,0.0,0,5
popular,2,2Q,-51.77999999999997,-55.39999999999998,-45.64999999999998,5,5
popular,2,ARC,-56.889999999999986,-59.299999999999955,-54.89999999999998,5,5
popular,2,LFU,-74.37999999999997,-90.20000000000005,-17.449999999999932,5,5
popular,2,LIRS,-52.08,-53.94999999999993,-49.35000000000002,5,5
popular,2,LRU,0.0,0.0,0.0,0,5
popular,217,2Q,-28.930000000000017,-30.5,-26.900000000000034,5,5
popular,217,ARC,-37.32000000000001,-39.25,-35.35000000000002,5,5
popular,217,LFU,-48.08000000000002,-49.55000000000001,-46.05000000000001,5,5
popular,217,LIRS,-41.6,-42.55000000000001,-40.55000000000001,5,5
popular,217,LRU,0.0,0.0,0.0,0,5
popular,24,2Q,-103.38,-107.95000000000005,-98.5,5,5
popular,24,ARC,-110.82999999999997,-118.69999999999993,-106.5,5,5
popular,24,LFU,-127.68000000000002,-140.20000000000005,-117.30000000000007,5,5
popular,24,LIRS,-103.22000000000003,-106.89999999999998,-99.70000000000005,5,5
popular,24,LRU,0.0,0.0,0.0,0,5
popular,256,2Q,-20.869999999999994,-22.649999999999977,-19.05000000000001,5,5
popular,256,ARC,-28.220000000000006,-29.400000000000034,-27.0,5,5
popular,256,LFU,-43.26,-45.75,-40.30000000000001,5,5
popular,256,LIRS,-35.95,-37.64999999999998,-34.849999999999994,5,5
popular,256,LRU,0.0,0.0,0.0,0,5
popular,289,2Q,-15.679999999999996,-17.75,-13.700000000000017,5,5
popular,289,ARC,-23.339999999999996,-25.19999999999999,-21.700000000000017,5,5
popular,289,LFU,-38.559999999999995,-41.349999999999966,-35.45000000000002,5,5
popular,289,LIRS,-31.65999999999999,-34.69999999999999,-29.849999999999994,5,5
popular,289,LRU,0.0,0.0,0.0,0,5
popular,290,2Q,-15.52999999999999,-17.899999999999977,-13.049999999999983,5,5
popular,290,ARC,-23.059999999999985,-24.99999999999997,-21.349999999999994,5,5
popular,290,LFU,-38.31999999999999,-40.94999999999999,-35.099999999999994,5,5
popular,290,LIRS,-31.519999999999992,-34.44999999999999,-29.69999999999999,5,5
popular,290,LRU,0.0,0.0,0.0,0,5
popular,291,2Q,-15.249999999999982,-17.549999999999983,-12.849999999999966,5,5
popular,291,ARC,-22.829999999999995,-24.599999999999994,-20.44999999999999,5,5
popular,291,LFU,-38.34999999999998,-41.099999999999966,-34.849999999999966,5,5
popular,291,LIRS,-31.419999999999995,-33.849999999999994,-29.599999999999966,5,5
popular,291,LRU,0.0,0.0,0.0,0,5
popular,32,2Q,-97.46999999999998,-101.40000000000009,-93.79999999999995,5,5
popular,32,ARC,-105.35,-107.79999999999995,-101.5,5,5
popular,32,LFU,-120.03,-133.05,-109.44999999999993,5,5
popular,32,LIRS,-97.41,-99.25,-93.14999999999998,5,5
popular,32,LRU,0.0,0.0,0.0,0,5
popular,35,2Q,-97.91000000000001,-101.55000000000007,-93.14999999999998,5,5
popular,35,ARC,-103.4,-106.10000000000002,-98.14999999999998,5,5
popular,35,LFU,-116.51,-126.55000000000007,-102.09999999999997,5,5
popular,35,LIRS,-96.16,-99.20000000000005,-89.89999999999998,5,5
popular,35,LRU,0.0,0.0,0.0,0,5
popular,36,2Q,-94.26999999999997,-98.39999999999998,-88.44999999999993,5,5
popular,36,ARC,-103.44999999999997,-105.80000000000007,-98.19999999999993,5,5
popular,36,LFU,-114.66999999999999,-128.09999999999997,-99.80000000000007,5,5
popular,36,LIRS,-95.63999999999997,-98.89999999999998,-89.59999999999997,5,5
popular,36,LRU,0.0,0.0,0.0,0,5
popular,37,2Q,-94.44000000000001,-97.69999999999999,-89.04999999999995,5,5
popular,37,ARC,-102.43,-105.15000000000003,-97.04999999999995,5,5
popular,37,LFU,-113.78999999999999,-126.79999999999995,-100.05000000000001,5,5
popular,37,LIRS,-95.09,-98.34999999999997,-88.84999999999997,5,5
popular,37,LRU,0.0,0.0,0.0,0,5
popular,384,2Q,-3.2300000000000066,-5.600000000000023,-0.9499999999999886,5,5
popular,384,ARC,-11.73,-14.75,-7.549999999999983,5,5
popular,384,LFU,-29.610000000000007,-31.80000000000001,-25.55000000000001,5,5
popular,384,LIRS,-23.500000000000007,-26.0,-19.849999999999994,5,5
popular,384,LRU,0.0,0.0,0.0,0,5
popular,4,2Q,-111.21,-114.04999999999995,-106.20000000000005,5,5
popular,4,ARC,-101.71,-106.0,-97.70000000000005,5,5
popular,4,LFU,-132.0,-148.85000000000002,-82.19999999999993,5,5
popular,4,LIRS,-95.32999999999997,-98.44999999999993,-93.19999999999993,5,5
popular,4,LRU,0.0,0.0,0.0,0,5
popular,48,2Q,-86.53,-88.05000000000001,-84.0,5,5
popular,48,ARC,-95.14,-98.44999999999999,-91.94999999999999,5,5
popular,48,LFU,-102.80999999999999,-110.54999999999995,-92.25,5,5
popular,48,LIRS,-87.55,-93.54999999999995,-83.55000000000001,5,5
popular,48,LRU,0.0,0.0,0.0,0,5
popular,512,2Q,9.669999999999993,8.349999999999994,11.5,0,5
popular,512,ARC,-6.0,-7.550000000000011,-3.9000000000000057,5,5
popular,512,LFU,-17.5,-21.0,-14.099999999999994,5,5
popular,512,LIRS,-14.280000000000001,-15.450000000000017,-13.349999999999994,5,5
popular,512,LRU,0.0,0.0,0.0,0,5
popular,64,2Q,-75.69999999999996,-79.09999999999997,-72.44999999999999,5,5
popular,64,ARC,-85.18999999999997,-88.74999999999994,-82.44999999999993,5,5
popular,64,LFU,-93.52999999999996,-101.34999999999997,-83.19999999999999,5,5
popular,64,LIRS,-80.56999999999998,-84.59999999999997,-76.79999999999995,5,5
popular,64,LRU,0.0,0.0,0.0,0,5
popular,72,2Q,-70.76,-74.25,-68.25,5,5
popular,72,ARC,-80.30000000000001,-84.65000000000003,-76.44999999999999,5,5
popular,72,LFU,-90.98,-96.40000000000003,-86.19999999999999,5,5
popular,72,LIRS,-76.2,-81.30000000000001,-73.05000000000001,5,5
popular,72,LRU,0.0,0.0,0.0,0,5
popular,768,2Q,21.719999999999995,20.849999999999994,22.5,0,5
popular,768,ARC,-1.730000000000004,-2.9000000000000057,-0.4000000000000057,5,5
popular,768,LFU,-6.210000000000003,-7.450000000000003,-4.950000000000003,5,5
popular,768,LIRS,-4.690000000000007,-5.650000000000006,-4.0,5,5
popular,768,LRU,0.0,0.0,0.0,0,5
popular,8,2Q,-125.05000000000003,-127.70000000000005,-122.10000000000002,5,5
popular,8,ARC,-123.10000000000002,-126.0,-119.5,5,5
popular,8,LFU,-129.35,-146.25,-106.54999999999995,5,5
popular,8,LIRS,-115.96999999999998,-118.60000000000002,-114.19999999999993,5,5
popular,8,LRU,0.0,0.0,0.0,0,5
popular,96,2Q,-60.080000000000005,-63.75,-57.650000000000034,5,5
popular,96,ARC,-69.25,-71.30000000000001,-66.09999999999997,5,5
popular,96,LFU,-81.09,-84.0,-78.0,5,5
popular,96,LIRS,-66.55999999999999,-69.44999999999999,-62.64999999999998,5,5
popular,96,LRU,0.0,0.0,0.0,0,5
scan,1,ARC,0.0,0.0,0.0,0,5
scan,1,LFU,0.0,0.0,0.0,0,5
scan,1,LRU,0.0,0.0,0.0,0,5
scan,1024,2Q,0.0,0.0,0.0,0,5
scan,1024,ARC,0.0,0.0,0.0,0,5
scan,1024,LFU,0.0,0.0,0.0,0,5
scan,1024,LIRS,-825.2,-825.2,-825.2,5,5
scan,1024,LRU,0.0,0.0,0.0,0,5
scan,1159,2Q,0.0,0.0,0.0,0,5
scan,1159,ARC,0.0,0.0,0.0,0,5
scan,1159,LFU,0.0,0.0,0.0,0,5
scan,1159,LIRS,-932.4,-932.4,-932.4,5,5
scan,1159,LRU,0.0,0.0,0.0,0,5
scan,1160,2Q,942.0,942.0,942.0,0,5
scan,1160,ARC,0.0,0.0,0.0,0,5
scan,1160,LFU,0.0,0.0,0.0,0,5
scan,1160,LIRS,0.0,0.0,0.0,0,5
scan,1160,LRU,0.0,0.0,0.0,0,5
scan,1161,2Q,942.0,942.0,942.0,0,5
scan,1161,ARC,0.0,0.0,0.0,0,5
scan,1161,LFU,0.0,0.0,0.0,0,5
scan,1161,LIRS,0.0,0.0,0.0,0,5
scan,1161,LRU,0.0,0.0,0.0,0,5
scan,144,2Q,0.0,0.0,0.0,0,5
scan,144,ARC,0.0,0.0,0.0,0,5
scan,144,LFU,0.0,0.0,0.0,0,5
scan,144,LIRS,-121.54999999999995,-121.54999999999995,-121.54999999999995,5,5
scan,144,LRU,0.0,0.0,0.0,0,5
scan,145,2Q,0.0,0.0,0.0,0,5
scan,145,ARC,0.0,0.0,0.0,0,5
scan,145,LFU,0.0,0.0,0.0,0,5
scan,145,LIRS,-122.39999999999998,-122.39999999999998,-122.39999999999998,5,5
scan,145,LRU,0.0,0.0,0.0,0,5
scan,146,2Q,0.0,0.0,0.0,0,5
scan,146,ARC,0.0,0.0,0.0,0,5
scan,146,LFU,0.0,0.0,0.0,0,5
scan,146,LIRS,-123.25,-123.25,-123.25,5,5
scan,146,LRU,0.0,0.0,0.0,0,5
scan,16,2Q,0.0,0.0,0.0,0,5
scan,16,ARC,0.0,0.0,0.0,0,5
scan,16,LFU,0.0,0.0,0.0,0,5
scan,16,LIRS,-12.75,-12.75,-12.75,5,5
scan,16,LRU,0.0,0.0,0.0,0,5
scan,192,2Q,0.0,0.0,0.0,0,5
scan,192,ARC,0.0,0.0,0.0,0,5
scan,192,LFU,0.0,0.0,0.0,0,5
scan,192,LIRS,-162.35000000000002,-162.35000000000002,-162.35000000000002,5,5
scan,192,LRU,0.0,0.0,0.0,0,5
scan,2,2Q,0.0,0.0,0.0,0,5
scan,2,ARC,0.0,0.0,0.0,0,5
scan,2,LFU,0.0,0.0,0.0,0,5
scan,2,LIRS,-0.8500000000000227,-0.8500000000000227,-0.8500000000000227,5,5
scan,2,LRU,0.0,0.0,0.0,0,5
scan,217,2Q,0.0,0.0,0.0,0,5
scan,217,ARC,0.0,0.0,0.0,0,5
scan,217,LFU,0.0,0.0,0.0,0,5
scan,217,LIRS,-182.75,-182.75,-182.75,5,5
scan,217,LRU,0.0,0.0,0.0,0,5
scan,24,2Q,0.0,0.0,0.0,0,5
scan,24,ARC,0.0,0.0,0.0,0,5
scan,24,LFU,0.0,0.0,0.0,0,5
scan,24,LIRS,-19.549999999999955,-19.549999999999955,-19.549999999999955,5,5
scan,24,LRU,0.0,0.0,0.0,0,5
scan,256,2Q,0.0,0.0,0.0,0,5
scan,256,ARC,0.0,0.0,0.0,0,5
scan,256,LFU,0.0,0.0,0.0,0,5
scan,256,LIRS,-215.89999999999998,-215.89999999999998,-215.89999999999998,5,5
scan,256,LRU,0.0,0.0,0.0,0,5
scan,289,2Q,0.0,0.0,0.0,0,5
scan,289,ARC,0.0,0.0,0.0,0,5
scan,289,LFU,0.0,0.0,0.0,0,5
scan,289,LIRS,-243.60000000000002,-243.60000000000002,-243.60000000000002,5,5
scan,289,LRU,0.0,0.0,0.0,0,5
scan,290,2Q,0.0,0.0,0.0,0,5
scan,290,ARC,0.0,0.0,0.0,0,5
scan,290,LFU,0.0,0.0,0.0,0,5
scan,290,LIRS,-244.39999999999998,-244.39999999999998,-244.39999999999998,5,5
scan,290,LRU,0.0,0.0,0.0,0,5
scan,291,2Q,0.0,0.0,0.0,0,5
scan,291,ARC,0.0,0.0,0.0,0,5
scan,291,LFU,0.0,0.0,0.0,0,5
scan,291,LIRS,-245.20000000000005,-245.20000000000005,-245.20000000000005,5,5
scan,291,LRU,0.0,0.0,0.0,0,5
scan,32,2Q,0.0,0.0,0.0,0,5
scan,32,ARC,0.0,0.0,0.0,0,5
scan,32,LFU,0.0,0.0,0.0,0,5
scan,32,LIRS,-26.350000000000023,-26.350000000000023,-26.350000000000023,5,5
scan,32,LRU,0.0,0.0,0.0,0,5
scan,35,2Q,0.0,0.0,0.0,0,5
scan,35,ARC,0.0,0.0,0.0,0,5
scan,35,LFU,0.0,0.0,0.0,0,5
scan,35,LIRS,-28.899999999999977,-28.899999999999977,-28.899999999999977,5,5
scan,35,LRU,0.0,0.0,0.0,0,5
scan,36,2Q,0.0,0.0,0.0,0,5
scan,36,ARC,0.0,0.0,0.0,0,5
scan,36,LFU,0.0,0.0,0.0,0,5
scan,36,LIRS,-29.75,-29.75,-29.75,5,5
scan,36,LRU,0.0,0.0,0.0,0,5
scan,37,2Q,0.0,0.0,0.0,0,5
scan,37,ARC,0.0,0.0,0.0,0,5
scan,37,LFU,0.0,0.0,0.0,0,5
scan,37,LIRS,-30.600000000000023,-30.600000000000023,-30.600000000000023,5,5
scan,37,LRU,0.0,0.0,0.0,0,5
scan,384,2Q,0.0,0.0,0.0,0,5
scan,384,ARC,0.0,0.0,0.0,0,5
scan,384,LFU,0.0,0.0,0.0,0,5
scan,384,LIRS,-318.79999999999995,-318.79999999999995,-318.79999999999995,5,5
scan,384,LRU,0.0,0.0,0.0,0,5
scan,4,2Q,0.0,0.0,0.0,0,5
scan,4,ARC,0.0,0.0,0.0,0,5
scan,4,LFU,0.0,0.0,0.0,0,5
scan,4,LIRS,-2.5499999999999545,-2.5499999999999545,-2.5499999999999545,5,5
scan,4,LRU,0.0,0.0,0.0,0,5
scan,48,2Q,0.0,0.0,0.0,0,5
scan,48,ARC,0.0,0.0,0.0,0,5
scan,48,LFU,0.0,0.0,0.0,0,5
scan,48,LIRS,-39.950000000000045,-39.950000000000045,-39.950000000000045,5,5
scan,48,LRU,0.0,0.0,0.0,0,5
scan,512,2Q,0.0,0.0,0.0,0,5
scan,512,ARC,0.0,0.0,0.0,0,5
scan,512,LFU,0.0,0.0,0.0,0,5
scan,512,LIRS,-419.6,-419.6,-419.6,5,5
scan,512,LRU,0.0,0.0,0.0,0,5
scan,64,2Q,0.0,0.0,0.0,0,5
scan,64,ARC,0.0,0.0,0.0,0,5
scan,64,LFU,0.0,0.0,0.0,0,5
scan,64,LIRS,-53.549999999999955,-53.549999999999955,-53.549999999999955,5,5
scan,64,LRU,0.0,0.0,0.0,0,5
scan,72,2Q,0.0,0.0,0.0,0,5
scan,72,ARC,0.0,0.0,0.0,0,5
scan,72,LFU,0.0,0.0,0.0,0,5
scan,72,LIRS,-60.35000000000002,-60.35000000000002,-60.35000000000002,5,5
scan,72,LRU,0.0,0.0,0.0,0,5
scan,768,2Q,0.0,0.0,0.0,0,5
scan,768,ARC,0.0,0.0,0.0,0,5
scan,768,LFU,0.0,0.0,0.0,0,5
scan,768,LIRS,-622.8,-622.8,-622.8,5,5
scan,768,LRU,0.0,0.0,0.0,0,5
scan,8,2Q,0.0,0.0,0.0,0,5
scan,8,ARC,0.0,0.0,0.0,0,5
scan,8,LFU,0.0,0.0,0.0,0,5
scan,8,LIRS,-5.9500000000000455,-5.9500000000000455,-5.9500000000000455,5,5
scan,8,LRU,0.0,0.0,0.0,0,5
scan,96,2Q,0.0,0.0,0.0,0,5
scan,96,ARC,0.0,0.0,0.0,0,5
scan,96,LFU,0.0,0.0,0.0,0,5
scan,96,LIRS,-80.75,-80.75,-80.75,5,5
scan,96,LRU,0.0,0.0,0.0,0,5
small_cycle,1,ARC,0.0,0.0,0.0,0,5
small_cycle,1,LFU,0.0,0.0,0.0,0,5
small_cycle,1,LRU,0.0,0.0,0.0,0,5
small_cycle,1024,2Q,0.0,0.0,0.0,0,5
small_cycle,1024,ARC,0.0,0.0,0.0,0,5
small_cycle,1024,LFU,0.0,0.0,0.0,0,5
small_cycle,1024,LIRS,0.0,0.0,0.0,0,5
small_cycle,1024,LRU,0.0,0.0,0.0,0,5
small_cycle,1159,2Q,0.0,0.0,0.0,0,5
small_cycle,1159,ARC,0.0,0.0,0.0,0,5
small_cycle,1159,LFU,0.0,0.0,0.0,0,5
small_cycle,1159,LIRS,0.0,0.0,0.0,0,5
small_cycle,1159,LRU,0.0,0.0,0.0,0,5
small_cycle,1160,2Q,0.0,0.0,0.0,0,5
small_cycle,1160,ARC,0.0,0.0,0.0,0,5
small_cycle,1160,LFU,0.0,0.0,0.0,0,5
small_cycle,1160,LIRS,0.0,0.0,0.0,0,5
small_cycle,1160,LRU,0.0,0.0,0.0,0,5
small_cycle,1161,2Q,0.0,0.0,0.0,0,5
small_cycle,1161,ARC,0.0,0.0,0.0,0,5
small_cycle,1161,LFU,0.0,0.0,0.0,0,5
small_cycle,1161,LIRS,0.0,0.0,0.0,0,5
small_cycle,1161,LRU,0.0,0.0,0.0,0,5
small_cycle,144,2Q,0.0,0.0,0.0,0,5
small_cycle,144,ARC,0.0,0.0,0.0,0,5
small_cycle,144,LFU,0.0,0.0,0.0,0,5
small_cycle,144,LIRS,-979.15,-979.15,-979.15,5,5
small_cycle,144,LRU,0.0,0.0,0.0,0,5
small_cycle,145,2Q,992.75,992.75,992.75,0,5
small_cycle,145,ARC,0.0,0.0,0.0,0,5
small_cycle,145,LFU,0.0,0.0,0.0,0,5
small_cycle,145,LIRS,0.0,0.0,0.0,0,5
small_cycle,145,LRU,0.0,0.0,0.0,0,5
small_cycle,146,2Q,992.75,992.75,992.75,0,5
small_cycle,146,ARC,0.0,0.0,0.0,0,5
small_cycle,146,LFU,0.0,0.0,0.0,0,5
small_cycle,146,LIRS,0.0,0.0,0.0,0,5
small_cycle,146,LRU,0.0,0.0,0.0,0,5
small_cycle,16,2Q,0.0,0.0,0.0,0,5
small_cycle,16,ARC,0.0,0.0,0.0,0,5
small_cycle,16,LFU,0.0,0.0,0.0,0,5
small_cycle,16,LIRS,-102.75,-102.75,-102.75,5,5
small_cycle,16,LRU,0.0,0.0,0.0,0,5
small_cycle,192,2Q,992.75,992.75,992.75,0,5
small_cycle,192,ARC,0.0,0.0,0.0,0,5
small_cycle,192,LFU,0.0,0.0,0.0,0,5
small_cycle,192,LIRS,0.0,0.0,0.0,0,5
small_cycle,192,LRU,0.0,0.0,0.0,0,5
small_cycle,2,2Q,0.0,0.0,0.0,0,5
small_cycle,2,ARC,0.0,0.0,0.0,0,5
small_cycle,2,LFU,0.0,0.0,0.0,0,5
small_cycle,2,LIRS,-6.850000000000023,-6.850000000000023,-6.850000000000023,5,5
small_cycle,2,LRU,0.0,0.0,0.0,0,5
small_cycle,217,2Q,4.550000000000001,4.550000000000001,4.550000000000001,0,5
small_cycle,217,ARC,0.0,0.0,0.0,0,5
small_cycle,217,LFU,0.0,0.0,0.0,0,5
small_cycle,217,LIRS,0.0,0.0,0.0,0,5
small_cycle,217,LRU,0.0,0.0,0.0,0,5
small_cycle,24,2Q,0.0,0.0,0.0,0,5
small_cycle,24,ARC,0.0,0.0,0.0,0,5
small_cycle,24,LFU,0.0,0.0,0.0,0,5
small_cycle,24,LIRS,-157.54999999999995,-157.54999999999995,-157.54999999999995,5,5
small_cycle,24,LRU,0.0,0.0,0.0,0,5
small_cycle,256,2Q,4.050000000000001,4.050000000000001,4.050000000000001,0,5
small_cycle,256,ARC,0.0,0.0,0.0,0,5
small_cycle,256,LFU,0.0,0.0,0.0,0,5
small_cycle,256,LIRS,0.0,0.0,0.0,0,5
small_cycle,256,LRU,0.0,0.0,0.0,0,5
small_cycle,289,2Q,3.6500000000000004,3.6500000000000004,3.6500000000000004,0,5
small_cycle,289,ARC,0.0,0.0,0.0,0,5
small_cycle,289,LFU,0.0,0.0,0.0,0,5
small_cycle,289,LIRS,0.0,0.0,0.0,0,5
small_cycle,289,LRU,0.0,0.0,0.0,0,5
small_cycle,290,2Q,3.6500000000000004,3.6500000000000004,3.6500000000000004,0,5
small_cycle,290,ARC,0.0,0.0,0.0,0,5
small_cycle,290,LFU,0.0,0.0,0.0,0,5
small_cycle,290,LIRS,0.0,0.0,0.0,0,5
small_cycle,290,LRU,0.0,0.0,0.0,0,5
small_cycle,291,2Q,3.6500000000000004,3.6500000000000004,3.6500000000000004,0,5
small_cycle,291,ARC,0.0,0.0,0.0,0,5
small_cycle,291,LFU,0.0,0.0,0.0,0,5
small_cycle,291,LIRS,0.0,0.0,0.0,0,5
small_cycle,291,LRU,0.0,0.0,0.0,0,5
small_cycle,32,2Q,0.0,0.0,0.0,0,5
small_cycle,32,ARC,0.0,0.0,0.0,0,5
small_cycle,32,LFU,0.0,0.0,0.0,0,5
small_cycle,32,LIRS,-212.35000000000002,-212.35000000000002,-212.35000000000002,5,5
small_cycle,32,LRU,0.0,0.0,0.0,0,5
small_cycle,35,2Q,0.0,0.0,0.0,0,5
small_cycle,35,ARC,0.0,0.0,0.0,0,5
small_cycle,35,LFU,0.0,0.0,0.0,0,5
small_cycle,35,LIRS,-232.89999999999998,-232.89999999999998,-232.89999999999998,5,5
small_cycle,35,LRU,0.0,0.0,0.0,0,5
small_cycle,36,2Q,0.0,0.0,0.0,0,5
small_cycle,36,ARC,0.0,0.0,0.0,0,5
small_cycle,36,LFU,0.0,0.0,0.0,0,5
small_cycle,36,LIRS,-239.75,-239.75,-239.75,5,5
small_cycle,36,LRU,0.0,0.0,0.0,0,5
small_cycle,37,2Q,0.0,0.0,0.0,0,5
small_cycle,37,ARC,0.0,0.0,0.0,0,5
small_cycle,37,LFU,0.0,0.0,0.0,0,5
small_cycle,37,LIRS,-246.60000000000002,-246.60000000000002,-246.60000000000002,5,5
small_cycle,37,LRU,0.0,0.0,0.0,0,5
small_cycle,384,2Q,2.4499999999999993,2.4499999999999993,2.4499999999999993,0,5
small_cycle,384,ARC,0.0,0.0,0.0,0,5
small_cycle,384,LFU,0.0,0.0,0.0,0,5
small_cycle,384,LIRS,0.0,0.0,0.0,0,5
small_cycle,384,LRU,0.0,0.0,0.0,0,5
small_cycle,4,2Q,0.0,0.0,0.0,0,5
small_cycle,4,ARC,0.0,0.0,0.0,0,5
small_cycle,4,LFU,0.0,0.0,0.0,0,5
small_cycle,4,LIRS,-20.549999999999955,-20.549999999999955,-20.549999999999955,5,5
small_cycle,4,LRU,0.0,0.0,0.0,0,5
small_cycle,48,2Q,0.0,0.0,0.0,0,5
small_cycle,48,ARC,0.0,0.0,0.0,0,5
small_cycle,48,LFU,0.0,0.0,0.0,0,5
small_cycle,48,LIRS,-321.95000000000005,-321.95000000000005,-321.95000000000005,5,5
small_cycle,48,LRU,0.0,0.0,0.0,0,5
small_cycle,512,2Q,0.8499999999999996,0.8499999999999996,0.8499999999999996,0,5
small_cycle,512,ARC,0.0,0.0,0.0,0,5
small_cycle,512,LFU,0.0,0.0,0.0,0,5
small_cycle,512,LIRS,0.0,0.0,0.0,0,5
small_cycle,512,LRU,0.0,0.0,0.0,0,5
small_cycle,64,2Q,0.0,0.0,0.0,0,5
small_cycle,64,ARC,0.0,0.0,0.0,0,5
small_cycle,64,LFU,0.0,0.0,0.0,0,5
small_cycle,64,LIRS,-431.54999999999995,-431.54999999999995,-431.54999999999995,5,5
small_cycle,64,LRU,0.0,0.0,0.0,0,5
small_cycle,72,2Q,0.0,0.0,0.0,0,5
small_cycle,72,ARC,0.0,0.0,0.0,0,5
small_cycle,72,LFU,0.0,0.0,0.0,0,5
small_cycle,72,LIRS,-486.35,-486.35,-486.35,5,5
small_cycle,72,LRU,0.0,0.0,0.0,0,5
small_cycle,768,2Q,0.0,0.0,0.0,0,5
small_cycle,768,ARC,0.0,0.0,0.0,0,5
small_cycle,768,LFU,0.0,0.0,0.0,0,5
small_cycle,768,LIRS,0.0,0.0,0.0,0,5
small_cycle,768,LRU,0.0,0.0,0.0,0,5
small_cycle,8,2Q,0.0,0.0,0.0,0,5
small_cycle,8,ARC,0.0,0.0,0.0,0,5
small_cycle,8,LFU,0.0,0.0,0.0,0,5
small_cycle,8,LIRS,-47.950000000000045,-47.950000000000045,-47.950000000000045,5,5
small_cycle,8,LRU,0.0,0.0,0.0,0,5
small_cycle,96,2Q,0.0,0.0,0.0,0,5
small_cycle,96,ARC,0.0,0.0,0.0,0,5
small_cycle,96,LFU,0.0,0.0,0.0,0,5
small_cycle,96,LIRS,-650.75,-650.75,-650.75,5,5
small_cycle,96,LRU,0.0,0.0,0.0,0,5
uniform,1,ARC,0.0,0.0,0.0,0,5
uniform,1,LFU,0.0,0.0,0.0,0,5
uniform,1,LRU,0.0,0.0,0.0,0,5
uniform,1024,2Q,32.209999999999994,27.799999999999983,35.150000000000006,0,5
uniform,1024,ARC,0.05999999999999659,-0.45000000000001705,0.5,2,5
uniform,1024,LFU,-1.8600000000000023,-3.700000000000017,2.4499999999999886,4,5
uniform,1024,LIRS,-0.16000000000000797,-1.950000000000017,2.049999999999983,3,5
uniform,1024,LRU,0.0,0.0,0.0,0,5
uniform,1159,2Q,43.37,43.05,43.55,0,5
uniform,1159,ARC,1.4210854715202005e-15,-0.19999999999999574,0.14999999999999858,1,5
uniform,1159,LFU,0.020000000000000285,-0.15000000000000568,0.29999999999999716,2,5
uniform,1159,LIRS,-0.030000000000001137,-0.15000000000000568,0.09999999999999432,3,5
uniform,1159,LRU,0.0,0.0,0.0,0,5
uniform,1160,2Q,43.5,43.5,43.5,0,5
uniform,1160,ARC,0.0,0.0,0.0,0,5
uniform,1160,LFU,0.0,0.0,0.0,0,5
uniform,1160,LIRS,0.0,0.0,0.0,0,5
uniform,1160,LRU,0.0,0.0,0.0,0,5
uniform,1161,2Q,43.5,43.5,43.5,0,5
uniform,1161,ARC,0.0,0.0,0.0,0,5
uniform,1161,LFU,0.0,0.0,0.0,0,5
uniform,1161,LIRS,0.0,0.0,0.0,0,5
uniform,1161,LRU,0.0,0.0,0.0,0,5
uniform,144,2Q,4.949999999999977,2.3999999999999773,11.850000000000023,0,5
uniform,144,ARC,0.8400000000000091,-2.199999999999932,4.149999999999977,3,5
uniform,144,LFU,2.5700000000000047,0.0,5.699999999999932,0,5
uniform,144,LIRS,1.2700000000000273,-2.449999999999932,7.050000000000068,3,5
uniform,144,LRU,0.0,0.0,0.0,0,5
uniform,145,2Q,5.079999999999996,2.300000000000068,11.799999999999955,0,5
uniform,145,ARC,0.9600000000000136,-2.349999999999909,3.9500000000000455,2,5
uniform,145,LFU,2.6700000000000044,0.3000000000000682,5.9500000000000455,0,5
uniform,145,LIRS,1.190000000000009,-2.7000000000000455,6.899999999999977,3,5
uniform,145,LRU,0.0,0.0,0.0,0,5
uniform,146,2Q,4.9,2.349999999999909,11.5,0,5
uniform,146,ARC,1.059999999999991,-1.7999999999999545,3.7999999999999545,2,5
uniform,146,LFU,2.790000000000009,0.25,6.2000000000000455,0,5
uniform,146,LIRS,1.1000000000000227,-2.3999999999999773,6.7999999999999545,3,5
uniform,146,LRU,0.0,0.0,0.0,0,5
uniform,16,2Q,1.259999999999991,0.05000000000006821,2.699999999999932,0,5
uniform,16,ARC,0.07000000000000454,-0.2999999999999545,0.6499999999999773,3,5
uniform,16,LFU,0.35,-0.40000000000009095,1.6000000000000227,1,5
uniform,16,LIRS,0.8400000000000091,0.25,1.5,0,5
uniform,16,LRU,0.0,0.0,0.0,0,5
uniform,192,2Q,4.530000000000041,0.900000000000091,6.600000000000023,0,5
uniform,192,ARC,0.24000000000003183,-3.699999999999932,2.0,1,5
uniform,192,LFU,1.9300000000000181,-2.449999999999932,7.449999999999932,3,5
uniform,192,LIRS,0.3900000000000318,-3.2999999999999545,4.600000000000023,3,5
uniform,192,LRU,0.0,0.0,0.0,0,5
uniform,2,2Q,-0.03999999999996362,-0.39999999999997726,0.4500000000000455,3,5
uniform,2,ARC,0.03000000000001819,-0.4499999999999318,0.40000000000009095,2,5
uniform,2,LFU,0.04000000000003183,-0.25,0.20000000000004547,1,5
uniform,2,LIRS,0.12000000000000455,-0.10000000000002274,0.5,1,5
uniform,2,LRU,0.0,0.0,0.0,0,5
uniform,217,2Q,4.85,1.5,6.949999999999932,0,5
uniform,217,ARC,-0.04000000000003183,-1.5500000000000682,1.2999999999999545,2,5
uniform,217,LFU,0.8299999999999728,-4.400000000000091,7.150000000000091,2,5
uniform,217,LIRS,-1.0000000000000226,-4.900000000000091,3.2000000000000455,3,5
uniform,217,LRU,0.0,0.0,0.0,0,5
uniform,24,2Q,1.3700000000000272,0.8999999999999773,2.3500000000000227,0,5
uniform,24,ARC,-0.08999999999996362,-1.25,0.9500000000000455,3,5
uniform,24,LFU,0.3500000000000455,-0.35000000000002274,1.400000000000091,2,5
uniform,24,LIRS,0.77000000000005,-0.8999999999999773,1.8000000000000682,1,5
uniform,24,LRU,0.0,0.0,0.0,0,5
uniform,256,2Q,6.279999999999996,2.8999999999999773,10.350000000000023,0,5
uniform,256,ARC,0.03999999999998636,-0.75,1.25,3,5
uniform,256,LFU,0.7799999999999955,-3.5499999999999545,7.449999999999932,2,5
uniform,256,LIRS,-1.0200000000000045,-3.7000000000000455,2.0,3,5
uniform,256,LRU,0.0,0.0,0.0,0,5
uniform,289,2Q,5.909999999999991,1.8000000000000682,9.799999999999955,0,5
uniform,289,ARC,-0.559999999999991,-2.5499999999999545,0.9500000000000455,2,5
uniform,289,LFU,0.03000000000001819,-4.5499999999999545,7.25,3,5
uniform,289,LIRS,-2.609999999999991,-6.350000000000023,1.2999999999999545,3,5
uniform,289,LRU,0.0,0.0,0.0,0,5
uniform,290,2Q,5.909999999999991,2.2999999999999545,9.550000000000068,0,5
uniform,290,ARC,-0.6099999999999909,-2.25,1.1499999999999773,4,5
uniform,290,LFU,-0.11000000000003637,-4.149999999999977,6.849999999999909,3,5
uniform,290,LIRS,-2.55,-6.550000000000068,1.2000000000000455,3,5
uniform,290,LRU,0.0,0.0,0.0,0,5
uniform,291,2Q,5.8399999999999865,2.6499999999999773,9.700000000000045,0,5
uniform,291,ARC,-0.5400000000000091,-1.75,0.5,3,5
uniform,291,LFU,-0.27000000000000457,-4.5,7.0499999999999545,3,5
uniform,291,LIRS,-2.469999999999982,-6.699999999999932,1.6999999999999318,3,5
uniform,291,LRU,0.0,0.0,0.0,0,5
uniform,32,2Q,1.4599999999999909,0.35000000000002274,2.1499999999999773,0,5
uniform,32,ARC,-0.3800000000000182,-1.5,0.8999999999999773,2,5
uniform,32,LFU,0.6100000000000136,-1.4500000000000455,1.8000000000000682,1,5
uniform,32,LIRS,0.7499999999999772,-1.7999999999999545,2.6499999999999773,1,5
uniform,32,LRU,0.0,0.0,0.0,0,5
uniform,35,2Q,1.9199999999999817,0.5499999999999545,3.0,0,5
uniform,35,ARC,0.07000000000000454,-1.6499999999999773,1.5499999999999545,2,5
uniform,35,LFU,0.8300000000000182,-2.25,2.800000000000068,1,5
uniform,35,LIRS,1.0900000000000092,-1.8000000000000682,2.8999999999999773,1,5
uniform,35,LRU,0.0,0.0,0.0,0,5
uniform,36,2Q,2.2,1.6000000000000227,3.1000000000000227,0,5
uniform,36,ARC,0.029999999999995454,-1.3500000000000227,1.75,2,5
uniform,36,LFU,0.8200000000000045,-2.550000000000068,3.1000000000000227,1,5
uniform,36,LIRS,0.9499999999999773,-2.050000000000068,3.1499999999999773,1,5
uniform,36,LRU,0.0,0.0,0.0,0,5
uniform,37,2Q,2.060000000000014,1.1000000000000227,2.949999999999932,0,5
uniform,37,ARC,0.15,-1.349999999999909,2.099999999999909,2,5
uniform,37,LFU,0.7200000000000045,-2.4500000000000455,2.5,1,5
uniform,37,LIRS,1.0500000000000227,-2.1000000000000227,3.25,1,5
uniform,37,LRU,0.0,0.0,0.0,0,5
uniform,384,2Q,9.79000000000001,7.0499999999999545,12.75,0,5
uniform,384,ARC,0.10000000000002274,-3.5,2.8500000000000227,3,5
uniform,384,LFU,1.8,-2.550000000000068,3.9500000000000455,1,5
uniform,384,LIRS,-2.0299999999999954,-5.350000000000023,4.050000000000068,3,5
uniform,384,LRU,0.0,0.0,0.0,0,5
uniform,4,2Q,0.15,-0.35000000000002274,0.7000000000000455,2,5
uniform,4,ARC,-0.06000000000003638,-0.4500000000000455,0.2999999999999545,3,5
uniform,4,LFU,0.17000000000000454,0.05000000000006821,0.35000000000002274,0,5
uniform,4,LIRS,0.21999999999995906,-0.40000000000009095,0.8500000000000227,1,5
uniform,4,LRU,0.0,0.0,0.0,0,5
uniform,48,2Q,1.6200000000000045,-0.6499999999999773,3.4500000000000455,1,5
uniform,48,ARC,0.19999999999997725,-2.25,2.2999999999999545,2,5
uniform,48,LFU,1.2600000000000136,-1.7000000000000455,5.2000000000000455,2,5
uniform,48,LIRS,1.8,-1.2000000000000455,4.199999999999932,1,5
uniform,48,LRU,0.0,0.0,0.0,0,5
uniform,512,2Q,14.160000000000014,10.399999999999977,16.850000000000023,0,5
uniform,512,ARC,0.4600000000000364,-1.4499999999999318,1.5500000000000682,2,5
uniform,512,LFU,1.5200000000000273,-1.8500000000000227,6.350000000000023,2,5
uniform,512,LIRS,-0.2,-2.75,3.1499999999999773,3,5
uniform,512,LRU,0.0,0.0,0.0,0,5
uniform,64,2Q,1.5400000000000318,-1.4499999999999318,3.800000000000068,1,5
uniform,64,ARC,-0.0400000000000091,-2.1499999999999773,1.8999999999999773,2,5
uniform,64,LFU,1.190000000000032,-1.6999999999999318,5.050000000000068,2,5
uniform,64,LIRS,2.1200000000000045,-0.10000000000002274,5.5,1,5
uniform,64,LRU,0.0,0.0,0.0,0,5
uniform,72,2Q,2.5999999999999774,0.0,4.449999999999932,0,5
uniform,72,ARC,0.8599999999999681,-1.3500000000000227,3.0,2,5
uniform,72,LFU,1.5799999999999954,-1.0,6.0,2,5
uniform,72,LIRS,1.6599999999999908,-0.25,4.0,1,5
uniform,72,LRU,0.0,0.0,0.0,0,5
uniform,768,2Q,20.720000000000006,17.44999999999999,23.80000000000001,0,5
uniform,768,ARC,0.060000000000002274,-0.9499999999999886,1.1000000000000227,3,5
uniform,768,LFU,-0.9799999999999954,-5.399999999999977,3.1999999999999886,3,5
uniform,768,LIRS,0.2799999999999841,-2.900000000000034,5.0,3,5
uniform,768,LRU,0.0,0.0,0.0,0,5
uniform,8,2Q,0.65,0.25,1.3999999999999773,0,5
uniform,8,ARC,0.5000000000000228,-0.14999999999997726,0.9500000000000455,1,5
uniform,8,LFU,0.26000000000001366,-0.049999999999954525,0.9499999999999318,1,5
uniform,8,LIRS,0.47999999999999543,-0.9499999999999318,1.5,2,5
uniform,8,LRU,0.0,0.0,0.0,0,5
uniform,96,2Q,3.2399999999999864,0.8500000000000227,6.25,0,5
uniform,96,ARC,-0.7200000000000045,-2.1000000000000227,0.75,4,5
uniform,96,LFU,1.2100000000000137,-1.3500000000000227,4.25,2,5
uniform,96,LIRS,1.0100000000000136,-1.75,3.1499999999999773,2,5
uniform,96,LRU,0.0,0.0,0.0,0,5
