pattern,capacities,strategies,runs,misses_per_1000,misses_per_1000_min,misses_per_1000_max,reference_misses_per_1000,reference_misses_per_1000_min,reference_misses_per_1000_max,mean_access_cost,mean_access_cost_min,mean_access_cost_max,percent_of_reference,percent_of_reference_min,percent_of_reference_max
small_cycle,2+32+256,LIRS+LIRS+ARC,5,7.25,7.25,7.25,7.25,7.25,7.25,12.15045,12.15045,12.15045,891.7761467889907,891.7761467889907,891.7761467889907
small_cycle,2+32+256,LIRS+LIRS+LFU,5,7.25,7.25,7.25,7.25,7.25,7.25,12.15045,12.15045,12.15045,891.7761467889907,891.7761467889907,891.7761467889907
small_cycle,2+32+256,LIRS+LIRS+LIRS,5,7.25,7.25,7.25,7.25,7.25,7.25,12.15045,12.15045,12.15045,891.7761467889907,891.7761467889907,891.7761467889907
small_cycle,2+32+256,LIRS+LIRS+LRU,5,7.25,7.25,7.25,7.25,7.25,7.25,12.15045,12.15045,12.15045,891.7761467889907,891.7761467889907,891.7761467889907
boundary_cycle,2+32+256,LIRS+LIRS+LIRS,5,32.95,32.95,32.95,17.9,17.9,17.9,14.5498,14.5498,14.5498,767.7994722955145,767.7994722955145,767.7994722955145
scan,2+32+256,LIRS+LIRS+LIRS,5,758.85,758.85,758.85,754.35,754.35,754.35,51.66845,51.66845,51.66845,133.44986117388777,133.44986117388777,133.44986117388777
hot_cold,2+32+256,LFU+LFU+LIRS,5,81.85,81.3,82.5,56.3,55.55,57.2,9.846580000000001,9.80835,9.86955,258.1129529005161,255.50388601036272,260.1588352084712
hot_scan,2+32+256,LFU+ARC+LIRS,5,251.4,251.4,251.4,251.4,251.4,251.4,19.57959,19.56525,19.5996,144.28585114222548,144.18017686072216,144.43330876934414
phase_change,2+32+256,LFU+LIRS+LFU,5,96.9,95.45,98.65,69.47,68.1,70.45,11.05826,10.95065,11.1621,247.20154139932842,245.8037904124861,248.59591373439278
bursts,2+32+256,LFU+LRU+LIRS,5,49.28,48.3,50.55,38.28,37.2,39.25,4.25597,4.20505,4.32635,146.06336125003065,144.6481012658228,147.45454545454544
uniform,2+32+256,LFU+LFU+LIRS,5,755.46,750.85,758.55,405.28,404.5,407.15,51.48804,51.249,51.65035,242.13813603004672,241.20014119308158,243.11767474699928
